timestamp,src_ip,dst_ip,attack_type,packet_size
2024-10-12 16:31:21,50.208.94.250,1.1.1.1,pod,1514
2024-10-12 16:31:21,44.210.222.9,1.1.1.1,pod,1514
2024-10-12 16:31:23,135.241.151.246,1.1.1.1,pod,1514
2024-10-12 16:31:23,143.35.119.201,1.1.1.1,pod,1514
2024-10-12 16:31:22,93.214.184.15,1.1.1.1,pod,1514
2024-10-12 16:31:21,3.145.29.234,1.1.1.1,pod,1514
2024-10-12 16:31:23,114.141.212.174,1.1.1.1,pod,1514
2024-10-12 16:31:19,50.163.67.38,1.1.1.1,pod,1514
2024-10-12 16:31:19,41.85.103.164,1.1.1.1,pod,1514
2024-10-12 16:31:22,208.61.142.3,1.1.1.1,pod,1514
2024-10-12 16:31:24,108.158.117.191,1.1.1.1,pod,1514
2024-10-12 16:31:18,223.104.251.156,1.1.1.1,pod,1514
2024-10-12 16:31:18,106.225.62.251,1.1.1.1,pod,1514
2024-10-12 16:31:21,170.87.140.114,1.1.1.1,pod,1514
2024-10-12 16:31:21,57.158.120.224,1.1.1.1,pod,1514
2024-10-12 16:31:18,122.207.178.232,1.1.1.1,pod,1514
2024-10-12 16:31:24,69.162.152.74,1.1.1.1,pod,1514
2024-10-12 16:31:18,105.15.148.61,1.1.1.1,pod,1514
2024-10-12 16:31:22,34.176.104.74,1.1.1.1,pod,1514
2024-10-12 16:31:18,146.94.62.214,1.1.1.1,pod,1514
2024-10-12 16:31:17,148.20.23.93,1.1.1.1,pod,1514
2024-10-12 16:31:18,58.96.31.83,1.1.1.1,pod,1514
2024-10-12 16:31:20,30.202.198.183,1.1.1.1,pod,1514
2024-10-12 16:31:22,118.180.54.102,1.1.1.1,pod,1514
2024-10-12 16:31:21,86.108.144.207,1.1.1.1,pod,1514
2024-10-12 16:31:21,137.206.29.80,1.1.1.1,pod,1514
2024-10-12 16:31:19,71.33.225.188,1.1.1.1,pod,1514
2024-10-12 16:31:23,98.150.155.122,1.1.1.1,pod,1514
2024-10-12 16:31:20,228.16.74.215,1.1.1.1,pod,1514
2024-10-12 16:31:24,17.146.150.3,1.1.1.1,pod,1514
2024-10-12 16:31:24,209.94.84.48,1.1.1.1,pod,1514
2024-10-12 16:31:17,13.174.43.67,1.1.1.1,pod,1514
2024-10-12 16:31:24,248.195.24.217,1.1.1.1,pod,1514
2024-10-12 16:31:20,103.97.59.201,1.1.1.1,pod,1514
2024-10-12 16:31:18,23.53.103.183,1.1.1.1,pod,1514
2024-10-12 16:31:20,73.116.101.212,1.1.1.1,pod,1514
2024-10-12 16:31:20,190.6.255.198,1.1.1.1,pod,1514
2024-10-12 16:31:24,149.228.252.123,1.1.1.1,pod,1514
2024-10-12 16:31:22,189.210.99.236,1.1.1.1,pod,1514
2024-10-12 16:31:24,241.200.51.31,1.1.1.1,pod,1514
2024-10-12 16:31:20,183.195.22.230,1.1.1.1,pod,1514
2024-10-12 16:31:24,63.2.126.42,1.1.1.1,pod,1514
2024-10-12 16:31:19,44.117.2.64,1.1.1.1,pod,1514
2024-10-12 16:31:20,92.19.210.200,1.1.1.1,pod,1514
2024-10-12 16:31:20,182.83.164.146,1.1.1.1,pod,1514
2024-10-12 16:31:22,183.173.42.188,1.1.1.1,pod,1514
2024-10-12 16:31:21,99.217.62.98,1.1.1.1,pod,1514
2024-10-12 16:31:24,235.60.47.107,1.1.1.1,pod,1514
2024-10-12 16:31:20,254.23.233.13,1.1.1.1,pod,1514
2024-10-12 16:31:24,165.103.64.200,1.1.1.1,pod,1514
2024-10-12 16:31:21,120.46.236.61,1.1.1.1,pod,1514
2024-10-12 16:31:19,96.53.70.157,1.1.1.1,pod,1514
2024-10-12 16:31:24,192.239.41.111,1.1.1.1,pod,1514
2024-10-12 16:31:22,119.39.236.129,1.1.1.1,pod,1514
2024-10-12 16:31:24,236.4.247.158,1.1.1.1,pod,1514
2024-10-12 16:31:21,183.18.22.118,1.1.1.1,pod,1514
2024-10-12 16:31:18,131.102.4.15,1.1.1.1,pod,1514
2024-10-12 16:31:19,139.133.191.202,1.1.1.1,pod,1514
2024-10-12 16:31:19,58.91.52.193,1.1.1.1,pod,1514
2024-10-12 16:31:19,44.119.57.214,1.1.1.1,pod,1514
2024-10-12 16:31:23,132.188.55.9,1.1.1.1,pod,1514
2024-10-12 16:31:19,233.141.10.148,1.1.1.1,pod,1514
2024-10-12 16:31:24,217.152.176.16,1.1.1.1,pod,1514
2024-10-12 16:31:23,74.103.21.160,1.1.1.1,pod,1514
2024-10-12 16:31:18,165.99.217.136,1.1.1.1,pod,1514
2024-10-12 16:31:18,96.213.28.72,1.1.1.1,pod,1514
2024-10-12 16:31:19,121.221.9.119,1.1.1.1,pod,1514
2024-10-12 16:31:24,230.221.0.86,1.1.1.1,pod,1514
2024-10-12 16:31:22,183.65.112.214,1.1.1.1,pod,1514
2024-10-12 16:31:23,146.209.118.77,1.1.1.1,pod,1514
2024-10-12 16:31:23,215.238.57.211,1.1.1.1,pod,1514
2024-10-12 16:31:20,165.243.117.49,1.1.1.1,pod,1514
2024-10-12 16:31:18,70.142.197.42,1.1.1.1,pod,1514
2024-10-12 16:31:18,218.141.184.114,1.1.1.1,pod,1514
2024-10-12 16:31:22,193.183.75.232,1.1.1.1,pod,1514
2024-10-12 16:31:20,169.128.195.177,1.1.1.1,pod,1514
2024-10-12 16:31:24,79.217.225.157,1.1.1.1,pod,1514
2024-10-12 16:31:23,75.251.198.21,1.1.1.1,pod,1514
2024-10-12 16:31:21,140.90.179.195,1.1.1.1,pod,1514
2024-10-12 16:31:22,182.25.217.102,1.1.1.1,pod,1514
2024-10-12 16:31:22,34.93.107.114,1.1.1.1,pod,1514
2024-10-12 16:31:18,95.135.18.101,1.1.1.1,pod,1514
2024-10-12 16:31:23,79.86.185.206,1.1.1.1,pod,1514
2024-10-12 16:31:23,162.238.209.250,1.1.1.1,pod,1514
2024-10-12 16:31:22,243.195.247.156,1.1.1.1,pod,1514
2024-10-12 16:31:18,149.48.254.237,1.1.1.1,pod,1514
2024-10-12 16:31:20,115.97.9.102,1.1.1.1,pod,1514
2024-10-12 16:31:21,98.8.32.34,1.1.1.1,pod,1514
2024-10-12 16:31:18,108.94.5.36,1.1.1.1,pod,1514
2024-10-12 16:31:22,21.161.183.177,1.1.1.1,pod,1514
2024-10-12 16:31:22,225.112.180.254,1.1.1.1,pod,1514
2024-10-12 16:31:18,63.150.101.150,1.1.1.1,pod,1514
2024-10-12 16:31:19,177.5.237.186,1.1.1.1,pod,1514
2024-10-12 16:31:22,41.33.41.60,1.1.1.1,pod,1514
2024-10-12 16:31:19,143.65.29.172,1.1.1.1,pod,1514
2024-10-12 16:31:24,41.83.143.35,1.1.1.1,pod,1514
2024-10-12 16:31:24,70.89.239.130,1.1.1.1,pod,1514
2024-10-12 16:31:20,106.177.140.189,1.1.1.1,pod,1514
2024-10-12 16:31:23,251.133.251.22,1.1.1.1,pod,1514
2024-10-12 16:31:20,246.100.42.182,1.1.1.1,pod,1514
2024-10-12 16:31:21,149.88.87.18,1.1.1.1,pod,1514
2024-10-12 16:31:17,127.245.128.11,1.1.1.1,pod,1514
2024-10-12 16:31:20,212.229.187.201,1.1.1.1,pod,1514
2024-10-12 16:31:19,211.220.13.253,1.1.1.1,pod,1514
2024-10-12 16:31:23,101.144.194.33,1.1.1.1,pod,1514
2024-10-12 16:31:23,68.121.34.251,1.1.1.1,pod,1514
2024-10-12 16:31:22,56.0.100.67,1.1.1.1,pod,1514
2024-10-12 16:31:19,75.87.254.192,1.1.1.1,pod,1514
2024-10-12 16:31:23,162.228.132.13,1.1.1.1,pod,1514
2024-10-12 16:31:19,129.149.28.75,1.1.1.1,pod,1514
2024-10-12 16:31:18,181.180.72.175,1.1.1.1,pod,1514
2024-10-12 16:31:23,55.34.81.136,1.1.1.1,pod,1514
2024-10-12 16:31:18,170.70.159.71,1.1.1.1,pod,1514
2024-10-12 16:31:21,103.194.89.77,1.1.1.1,pod,1514
2024-10-12 16:31:20,19.98.101.60,1.1.1.1,pod,1514
2024-10-12 16:31:20,7.222.58.142,1.1.1.1,pod,1514
2024-10-12 16:31:22,209.15.40.94,1.1.1.1,pod,1514
2024-10-12 16:31:23,183.43.231.45,1.1.1.1,pod,1514
2024-10-12 16:31:20,76.237.47.197,1.1.1.1,pod,1514
2024-10-12 16:31:19,86.128.50.95,1.1.1.1,pod,1514
2024-10-12 16:31:23,0.194.22.110,1.1.1.1,pod,1514
2024-10-12 16:31:18,102.50.165.211,1.1.1.1,pod,1514
2024-10-12 16:31:20,132.93.253.5,1.1.1.1,pod,1514
2024-10-12 16:31:21,69.207.14.106,1.1.1.1,pod,1514
2024-10-12 16:31:17,184.248.168.69,1.1.1.1,pod,1514
2024-10-12 16:31:20,161.232.248.163,1.1.1.1,pod,1514
2024-10-12 16:31:21,192.248.113.136,1.1.1.1,pod,1514
2024-10-12 16:31:19,162.52.96.99,1.1.1.1,pod,1514
2024-10-12 16:31:19,117.131.2.117,1.1.1.1,pod,1514
2024-10-12 16:31:20,183.66.104.171,1.1.1.1,pod,1514
2024-10-12 16:31:23,74.199.187.124,1.1.1.1,pod,1514
2024-10-12 16:31:21,81.245.233.233,1.1.1.1,pod,1514
2024-10-12 16:31:18,130.50.27.158,1.1.1.1,pod,1514
2024-10-12 16:31:19,235.47.109.93,1.1.1.1,pod,1514
2024-10-12 16:31:22,99.249.80.87,1.1.1.1,pod,1514
2024-10-12 16:31:21,191.124.124.113,1.1.1.1,pod,1514
2024-10-12 16:31:22,47.180.13.27,1.1.1.1,pod,1514
2024-10-12 16:31:23,248.252.79.234,1.1.1.1,pod,1514
2024-10-12 16:31:21,125.79.18.78,1.1.1.1,pod,1514
2024-10-12 16:31:18,4.48.219.58,1.1.1.1,pod,1514
2024-10-12 16:31:23,62.93.46.93,1.1.1.1,pod,1514
2024-10-12 16:31:24,40.137.182.113,1.1.1.1,pod,1514
2024-10-12 16:31:18,223.215.151.90,1.1.1.1,pod,1514
2024-10-12 16:31:24,76.253.171.221,1.1.1.1,pod,1514
2024-10-12 16:31:18,195.14.192.68,1.1.1.1,pod,1514
2024-10-12 16:31:20,4.62.129.220,1.1.1.1,pod,1514
2024-10-12 16:31:19,34.142.242.133,1.1.1.1,pod,1514
2024-10-12 16:31:24,254.178.86.241,1.1.1.1,pod,1514
2024-10-12 16:32:36,212.194.170.249,1.1.1.1,syn_ack,54
2024-10-12 16:46:34,149.154.167.41,10.0.2.15,syn_ack,60
2024-10-12 16:46:32,149.154.167.223,10.0.2.15,syn_ack,60
2024-10-12 16:32:29,115.27.138.100,1.1.1.1,syn_ack,54
2024-10-12 16:32:34,149.192.110.11,1.1.1.1,syn_ack,54
2024-10-12 16:46:38,149.154.175.59,10.0.2.15,syn_ack,60
2024-10-12 16:32:31,52.175.125.84,1.1.1.1,syn_ack,54
2024-10-12 16:32:34,39.105.183.86,1.1.1.1,syn_ack,54
2024-10-12 16:39:00,149.154.175.100,10.0.2.15,syn_ack,60
2024-10-12 16:32:32,234.254.10.218,1.1.1.1,syn_ack,54
2024-10-12 16:32:32,136.204.159.203,1.1.1.1,syn_ack,54
2024-10-12 16:32:35,169.61.122.49,1.1.1.1,syn_ack,54
2024-10-12 16:32:28,145.250.100.36,1.1.1.1,syn_ack,54
2024-10-12 16:32:36,106.124.24.117,1.1.1.1,syn_ack,54
2024-10-12 16:32:35,143.96.24.71,1.1.1.1,syn_ack,54
2024-10-12 16:32:36,61.37.5.229,1.1.1.1,syn_ack,54
2024-10-12 16:32:29,176.146.252.179,1.1.1.1,syn_ack,54
2024-10-12 16:32:36,112.36.128.193,1.1.1.1,syn_ack,54
2024-10-12 16:32:29,219.127.234.48,1.1.1.1,syn_ack,54
2024-10-12 16:46:30,149.154.175.59,10.0.2.15,syn_ack,60
2024-10-12 16:32:30,13.119.198.59,1.1.1.1,syn_ack,54
2024-10-12 16:32:29,123.149.226.161,1.1.1.1,syn_ack,54
2024-10-12 16:32:36,243.97.181.156,1.1.1.1,syn_ack,54
2024-10-12 16:32:35,131.186.43.113,1.1.1.1,syn_ack,54
2024-10-12 16:32:35,104.24.107.212,1.1.1.1,syn_ack,54
2024-10-12 16:32:30,34.15.97.38,1.1.1.1,syn_ack,54
2024-10-12 16:37:40,91.189.91.97,10.0.2.15,syn_ack,60
2024-10-12 16:32:37,16.185.41.52,1.1.1.1,syn_ack,54
2024-10-12 16:32:37,195.211.151.120,1.1.1.1,syn_ack,54
2024-10-12 16:32:29,201.169.48.128,1.1.1.1,syn_ack,54
2024-10-12 16:32:34,1.51.123.165,1.1.1.1,syn_ack,54
2024-10-12 16:32:34,4.131.97.63,1.1.1.1,syn_ack,54
2024-10-12 16:32:33,188.228.171.47,1.1.1.1,syn_ack,54
2024-10-12 16:39:00,149.154.175.100,10.0.2.15,syn_ack,60
2024-10-12 16:32:32,248.88.185.156,1.1.1.1,syn_ack,54
2024-10-12 16:32:31,129.72.140.27,1.1.1.1,syn_ack,54
2024-10-12 16:32:37,49.203.251.1,1.1.1.1,syn_ack,54
2024-10-12 16:32:34,203.117.129.176,1.1.1.1,syn_ack,54
2024-10-12 16:32:29,50.6.130.117,1.1.1.1,syn_ack,54
2024-10-12 16:32:31,51.209.165.211,1.1.1.1,syn_ack,54
2024-10-12 16:32:35,11.180.208.171,1.1.1.1,syn_ack,54
2024-10-12 16:32:29,254.11.171.68,1.1.1.1,syn_ack,54
2024-10-12 16:32:33,128.187.45.119,1.1.1.1,syn_ack,54
2024-10-12 16:32:31,187.16.241.207,1.1.1.1,syn_ack,54
2024-10-12 16:32:37,231.23.115.236,1.1.1.1,syn_ack,54
2024-10-12 16:32:32,121.231.241.3,1.1.1.1,syn_ack,54
2024-10-12 16:32:32,173.31.219.46,1.1.1.1,syn_ack,54
2024-10-12 16:32:37,122.76.236.2,1.1.1.1,syn_ack,54
2024-10-12 16:32:28,222.208.20.180,1.1.1.1,syn_ack,54
2024-10-12 16:32:33,70.145.43.90,1.1.1.1,syn_ack,54
2024-10-12 16:32:29,58.54.92.7,1.1.1.1,syn_ack,54
2024-10-12 16:38:51,149.154.167.99,10.0.2.15,syn_ack,60
2024-10-12 16:32:34,250.44.251.215,1.1.1.1,syn_ack,54
2024-10-12 16:32:33,40.196.227.40,1.1.1.1,syn_ack,54
2024-10-12 16:32:29,253.164.220.78,1.1.1.1,syn_ack,54
2024-10-12 16:32:30,198.148.164.47,1.1.1.1,syn_ack,54
2024-10-12 16:32:29,94.55.91.197,1.1.1.1,syn_ack,54
2024-10-12 16:32:34,156.38.22.116,1.1.1.1,syn_ack,54
2024-10-12 16:32:32,137.160.103.203,1.1.1.1,syn_ack,54
2024-10-12 16:46:46,149.154.167.41,10.0.2.15,syn_ack,60
2024-10-12 16:32:31,61.74.143.193,1.1.1.1,syn_ack,54
2024-10-12 16:32:37,249.136.160.70,1.1.1.1,syn_ack,54
2024-10-12 16:32:39,91.189.91.97,10.0.2.15,syn_ack,60
2024-10-12 16:32:30,179.255.230.62,1.1.1.1,syn_ack,54
2024-10-12 16:46:32,149.154.167.92,10.0.2.15,syn_ack,60
2024-10-12 16:32:34,202.39.120.213,1.1.1.1,syn_ack,54
2024-10-12 16:46:26,149.154.167.99,10.0.2.15,syn_ack,60
2024-10-12 16:32:28,51.228.51.20,1.1.1.1,syn_ack,54
2024-10-12 16:32:32,163.184.71.219,1.1.1.1,syn_ack,54
2024-10-12 16:32:33,79.233.87.237,1.1.1.1,syn_ack,54
2024-10-12 16:32:34,170.204.159.1,1.1.1.1,syn_ack,54
2024-10-12 16:32:33,176.23.2.243,1.1.1.1,syn_ack,54
2024-10-12 16:32:37,115.89.133.253,1.1.1.1,syn_ack,54
2024-10-12 16:32:32,111.232.222.205,1.1.1.1,syn_ack,54
2024-10-12 16:32:36,84.215.167.88,1.1.1.1,syn_ack,54
2024-10-12 16:32:35,4.60.242.210,1.1.1.1,syn_ack,54
2024-10-12 16:32:32,138.165.192.108,1.1.1.1,syn_ack,54
2024-10-12 16:32:29,241.28.146.241,1.1.1.1,syn_ack,54
2024-10-12 16:46:37,149.154.167.223,10.0.2.15,syn_ack,60
2024-10-12 16:32:33,184.6.8.118,1.1.1.1,syn_ack,54
2024-10-12 16:32:29,194.99.76.202,1.1.1.1,syn_ack,54
2024-10-12 16:32:29,245.156.29.124,1.1.1.1,syn_ack,54
2024-10-12 16:32:34,75.157.125.7,1.1.1.1,syn_ack,54
2024-10-12 16:32:30,225.107.3.118,1.1.1.1,syn_ack,54
2024-10-12 16:32:36,116.73.114.74,1.1.1.1,syn_ack,54
2024-10-12 16:32:33,77.196.212.141,1.1.1.1,syn_ack,54
2024-10-12 16:46:33,149.154.167.92,10.0.2.15,syn_ack,60
2024-10-12 16:32:33,61.131.226.217,1.1.1.1,syn_ack,54
2024-10-12 16:32:36,28.63.182.253,1.1.1.1,syn_ack,54
2024-10-12 16:32:33,51.8.66.100,1.1.1.1,syn_ack,54
2024-10-12 16:32:31,164.202.227.78,1.1.1.1,syn_ack,54
2024-10-12 16:32:31,254.172.159.3,1.1.1.1,syn_ack,54
2024-10-12 16:46:29,149.154.167.223,10.0.2.15,syn_ack,60
2024-10-12 16:38:59,142.250.180.195,10.0.2.15,syn_ack,60
2024-10-12 16:32:28,128.161.124.59,1.1.1.1,syn_ack,54
2024-10-12 16:32:36,12.206.74.212,1.1.1.1,syn_ack,54
2024-10-12 16:32:34,235.78.93.97,1.1.1.1,syn_ack,54
2024-10-12 16:32:30,183.230.196.51,1.1.1.1,syn_ack,54
2024-10-12 16:32:30,20.68.147.68,1.1.1.1,syn_ack,54
2024-10-12 16:32:29,143.214.252.87,1.1.1.1,syn_ack,54
2024-10-12 16:32:31,239.93.208.51,1.1.1.1,syn_ack,54
2024-10-12 16:32:30,241.64.50.210,1.1.1.1,syn_ack,54
2024-10-12 16:39:00,149.154.175.100,10.0.2.15,syn_ack,60
2024-10-12 16:32:30,10.116.95.135,1.1.1.1,syn_ack,54
2024-10-12 16:32:33,141.68.150.101,1.1.1.1,syn_ack,54
2024-10-12 16:32:30,8.85.174.117,1.1.1.1,syn_ack,54
2024-10-12 16:32:34,252.253.88.12,1.1.1.1,syn_ack,54
2024-10-12 16:32:28,134.23.66.154,1.1.1.1,syn_ack,54
2024-10-12 16:32:32,59.148.57.223,1.1.1.1,syn_ack,54
2024-10-12 16:32:30,194.251.58.69,1.1.1.1,syn_ack,54
2024-10-12 16:32:31,247.27.199.231,1.1.1.1,syn_ack,54
2024-10-12 16:32:35,112.220.111.128,1.1.1.1,syn_ack,54
2024-10-12 16:32:32,141.116.166.190,1.1.1.1,syn_ack,54
2024-10-12 16:32:33,189.251.44.144,1.1.1.1,syn_ack,54
2024-10-12 16:32:33,188.96.126.222,1.1.1.1,syn_ack,54
2024-10-12 16:32:36,23.34.186.19,1.1.1.1,syn_ack,54
2024-10-12 16:32:37,108.190.131.235,1.1.1.1,syn_ack,54
2024-10-12 16:46:33,149.154.167.41,10.0.2.15,syn_ack,60
2024-10-12 16:32:34,89.43.165.171,1.1.1.1,syn_ack,54
2024-10-12 16:32:29,143.156.192.221,1.1.1.1,syn_ack,54
2024-10-12 16:46:31,149.154.175.59,10.0.2.15,syn_ack,60
2024-10-12 16:32:34,76.172.143.35,1.1.1.1,syn_ack,54
2024-10-12 16:32:29,227.9.136.32,1.1.1.1,syn_ack,54
2024-10-12 16:32:28,202.252.72.213,1.1.1.1,syn_ack,54
2024-10-12 16:32:36,115.188.141.15,1.1.1.1,syn_ack,54
2024-10-12 16:32:35,208.4.184.9,1.1.1.1,syn_ack,54
2024-10-12 16:46:46,149.154.167.41,10.0.2.15,syn_ack,60
2024-10-12 16:32:31,44.23.150.157,1.1.1.1,syn_ack,54
2024-10-12 16:32:31,222.105.81.1,1.1.1.1,syn_ack,54
2024-10-12 16:32:33,162.115.18.141,1.1.1.1,syn_ack,54
2024-10-12 16:32:28,253.211.111.18,1.1.1.1,syn_ack,54
2024-10-12 16:32:36,5.130.231.171,1.1.1.1,syn_ack,54
2024-10-12 16:32:36,55.164.111.190,1.1.1.1,syn_ack,54
2024-10-12 16:32:35,203.158.239.116,1.1.1.1,syn_ack,54
2024-10-12 16:32:29,73.176.238.31,1.1.1.1,syn_ack,54
2024-10-12 16:32:29,183.137.118.158,1.1.1.1,syn_ack,54
2024-10-12 16:32:35,73.27.93.124,1.1.1.1,syn_ack,54
2024-10-12 16:32:30,97.41.16.23,1.1.1.1,syn_ack,54
2024-10-12 16:32:36,67.205.27.205,1.1.1.1,syn_ack,54
2024-10-12 16:32:33,176.75.230.128,1.1.1.1,syn_ack,54
2024-10-12 16:46:40,149.154.175.59,10.0.2.15,syn_ack,60
2024-10-12 16:32:31,101.101.41.245,1.1.1.1,syn_ack,54
2024-10-12 16:32:32,239.5.97.143,1.1.1.1,syn_ack,54
2024-10-12 16:32:35,177.90.106.251,1.1.1.1,syn_ack,54
2024-10-12 16:32:30,72.124.123.187,1.1.1.1,syn_ack,54
2024-10-12 16:32:36,11.121.227.92,1.1.1.1,syn_ack,54
2024-10-12 16:46:33,149.154.167.92,10.0.2.15,syn_ack,60
2024-10-12 16:32:30,205.130.214.28,1.1.1.1,syn_ack,54
2024-10-12 16:32:37,73.209.158.202,1.1.1.1,syn_ack,54
2024-10-12 16:46:38,149.154.175.55,10.0.2.15,syn_ack,60
2024-10-12 16:38:51,149.154.167.41,10.0.2.15,syn_ack,60
2024-10-12 16:32:30,232.181.253.0,1.1.1.1,syn_ack,54
2024-10-12 16:46:38,149.154.175.59,10.0.2.15,syn_ack,60
2024-10-12 16:32:30,252.155.200.18,1.1.1.1,syn_ack,54
2024-10-12 16:32:33,241.212.92.121,1.1.1.1,syn_ack,54
2024-10-12 16:32:33,118.39.111.113,1.1.1.1,syn_ack,54
2024-10-12 16:32:32,10.50.36.18,1.1.1.1,syn_ack,54
2024-10-12 16:39:00,95.161.76.101,10.0.2.15,syn_ack,60
2024-10-12 16:32:30,118.42.111.61,1.1.1.1,syn_ack,54
2024-10-12 16:32:30,244.232.17.97,1.1.1.1,syn_ack,54
2024-10-12 16:32:36,56.159.140.214,1.1.1.1,syn_ack,54
2024-10-12 16:32:35,247.118.210.105,1.1.1.1,syn_ack,54
2024-10-12 16:32:37,21.211.162.17,1.1.1.1,syn_ack,54
2024-10-12 16:32:31,87.199.8.5,1.1.1.1,syn_ack,54
2024-10-12 16:32:34,27.81.76.146,1.1.1.1,syn_ack,54
2024-10-12 16:46:32,149.154.167.223,10.0.2.15,syn_ack,60
2024-10-12 16:32:32,202.74.158.154,1.1.1.1,syn_ack,54
2024-10-12 16:32:35,191.155.58.3,1.1.1.1,syn_ack,54
2024-10-12 16:32:31,131.176.76.26,1.1.1.1,syn_ack,54
2024-10-12 16:32:35,69.28.116.138,1.1.1.1,syn_ack,54
2024-10-12 16:32:28,132.209.143.27,1.1.1.1,syn_ack,54
2024-10-12 16:32:34,241.247.119.138,1.1.1.1,syn_ack,54
2024-10-12 16:32:31,188.107.60.92,1.1.1.1,syn_ack,54
2024-10-12 16:32:28,81.69.126.28,1.1.1.1,syn_ack,54
2024-10-12 16:32:34,54.104.206.158,1.1.1.1,syn_ack,54
2024-10-12 16:32:30,72.141.113.191,1.1.1.1,syn_ack,54
2024-10-12 16:32:28,133.169.54.2,1.1.1.1,syn_ack,54
2024-10-12 16:46:38,149.154.175.55,10.0.2.15,syn_ack,60
2024-10-12 16:32:35,145.249.179.59,1.1.1.1,syn_ack,54
2024-10-12 16:32:28,212.221.152.43,1.1.1.1,syn_ack,54
2024-10-12 16:32:30,202.9.206.76,1.1.1.1,syn_ack,54
2024-10-12 16:32:30,149.159.226.184,1.1.1.1,syn_ack,54
2024-10-12 16:32:28,161.33.212.145,1.1.1.1,syn_ack,54
2024-10-12 16:32:32,225.199.57.236,1.1.1.1,syn_ack,54
2024-10-12 16:32:31,102.20.16.112,1.1.1.1,syn_ack,54
2024-10-12 16:32:34,129.40.244.83,1.1.1.1,syn_ack,54
2024-10-12 16:32:33,242.186.54.168,1.1.1.1,syn_ack,54
2024-10-12 16:32:36,113.185.125.154,1.1.1.1,syn_ack,54
2024-10-12 16:32:32,84.121.0.105,1.1.1.1,syn_ack,54
2024-10-12 16:32:31,191.62.32.33,1.1.1.1,syn_ack,54
2024-10-12 16:32:35,89.124.177.101,1.1.1.1,syn_ack,54
2024-10-12 16:32:34,190.26.168.92,1.1.1.1,syn_ack,54
2024-10-12 16:32:35,237.18.243.70,1.1.1.1,syn_ack,54
2024-10-12 16:32:29,146.152.39.255,1.1.1.1,syn_ack,54
2024-10-12 16:32:37,132.171.90.100,1.1.1.1,syn_ack,54
2024-10-12 16:32:34,10.74.251.170,1.1.1.1,syn_ack,54
2024-10-12 16:32:31,49.198.75.145,1.1.1.1,syn_ack,54
2024-10-12 16:46:31,149.154.175.55,10.0.2.15,syn_ack,60
2024-10-12 16:32:36,16.66.73.187,1.1.1.1,syn_ack,54
2024-10-12 16:32:29,47.212.165.90,1.1.1.1,syn_ack,54
2024-10-12 16:32:35,144.167.58.85,1.1.1.1,syn_ack,54
2024-10-12 16:32:31,208.157.60.99,1.1.1.1,syn_ack,54
2024-10-12 16:32:37,16.251.39.145,1.1.1.1,syn_ack,54
2024-10-12 16:32:31,94.0.232.111,1.1.1.1,syn_ack,54
2024-10-12 16:46:40,149.154.175.55,10.0.2.15,syn_ack,60
2024-10-12 16:32:36,87.19.128.134,1.1.1.1,syn_ack,54
2024-10-12 16:32:34,28.170.211.199,1.1.1.1,syn_ack,54
2024-10-12 16:46:33,149.154.167.99,10.0.2.15,syn_ack,60
2024-10-12 16:46:37,149.154.167.223,10.0.2.15,syn_ack,60
2024-10-12 16:32:37,151.12.70.26,1.1.1.1,syn_ack,54
2024-10-12 16:32:36,251.68.222.140,1.1.1.1,syn_ack,54
2024-10-12 16:32:32,75.117.246.224,1.1.1.1,syn_ack,54
2024-10-12 16:32:30,195.204.241.251,1.1.1.1,syn_ack,54
2024-10-12 16:32:28,4.40.82.45,1.1.1.1,syn_ack,54
2024-10-12 16:32:37,243.161.137.127,1.1.1.1,syn_ack,54
2024-10-12 16:39:00,8.8.4.4,10.0.2.15,syn_ack,60
2024-10-12 16:32:35,131.94.56.221,1.1.1.1,syn_ack,54
2024-10-12 16:32:32,173.137.78.161,1.1.1.1,syn_ack,54
2024-10-12 16:32:31,67.12.79.75,1.1.1.1,syn_ack,54
2024-10-12 16:32:29,239.172.144.100,1.1.1.1,syn_ack,54
2024-10-12 16:32:36,191.194.156.106,1.1.1.1,syn_ack,54
2024-10-12 16:32:37,111.192.58.17,1.1.1.1,syn_ack,54
2024-10-12 16:46:40,149.154.175.55,10.0.2.15,syn_ack,60
2024-10-12 16:32:29,105.44.58.168,1.1.1.1,syn_ack,54
2024-10-12 16:32:31,99.42.4.252,1.1.1.1,syn_ack,54
2024-10-12 16:32:34,160.193.216.121,1.1.1.1,syn_ack,54
2024-10-12 16:32:33,147.134.143.61,1.1.1.1,syn_ack,54
2024-10-12 16:32:37,69.14.188.161,1.1.1.1,syn_ack,54
2024-10-12 16:32:35,127.212.222.157,1.1.1.1,syn_ack,54
2024-10-12 16:32:28,154.129.26.73,1.1.1.1,syn_ack,54
2024-10-12 16:32:29,214.218.141.102,1.1.1.1,syn_ack,54
2024-10-12 16:46:32,149.154.167.92,10.0.2.15,syn_ack,60
2024-10-12 16:46:32,149.154.167.223,10.0.2.15,syn_ack,60
2024-10-12 16:32:30,235.154.103.130,1.1.1.1,syn_ack,54
2024-10-12 16:42:39,185.125.190.97,10.0.2.15,syn_ack,60
2024-10-12 16:32:36,118.160.185.73,1.1.1.1,syn_ack,54
2024-10-12 16:32:32,6.40.100.66,1.1.1.1,syn_ack,54
2024-10-12 16:32:31,110.220.78.142,1.1.1.1,syn_ack,54
2024-10-12 16:32:34,83.196.38.124,1.1.1.1,syn_ack,54
2024-10-12 16:32:33,16.87.29.229,1.1.1.1,syn_ack,54
2024-10-12 16:32:30,143.85.161.95,1.1.1.1,syn_ack,54
2024-10-12 16:32:31,251.136.100.225,1.1.1.1,syn_ack,54
2024-10-12 16:32:35,83.235.231.104,1.1.1.1,syn_ack,54
2024-10-12 16:32:28,151.145.143.112,1.1.1.1,syn_ack,54
2024-10-12 16:32:34,147.67.47.216,1.1.1.1,syn_ack,54
2024-10-12 16:32:33,33.134.102.195,1.1.1.1,syn_ack,54
2024-10-12 16:32:30,184.10.224.181,1.1.1.1,syn_ack,54
2024-10-12 16:32:35,77.27.177.186,1.1.1.1,syn_ack,54
2024-10-12 16:32:36,221.109.181.156,1.1.1.1,syn_ack,54
2024-10-12 16:32:34,171.113.176.62,1.1.1.1,syn_ack,54
2024-10-12 16:32:29,77.15.16.233,1.1.1.1,syn_ack,54
2024-10-12 16:32:33,155.189.163.237,1.1.1.1,syn_ack,54
2024-10-12 16:32:35,210.164.24.43,1.1.1.1,syn_ack,54
2024-10-12 16:32:33,6.163.203.255,1.1.1.1,syn_ack,54
2024-10-12 16:38:52,149.154.167.41,10.0.2.15,syn_ack,60
2024-10-12 16:32:36,239.110.212.57,1.1.1.1,syn_ack,54
2024-10-12 16:32:32,174.52.121.153,1.1.1.1,syn_ack,54
2024-10-12 16:32:37,117.54.5.135,1.1.1.1,syn_ack,54
2024-10-12 16:32:28,93.121.63.162,1.1.1.1,syn_ack,54
2024-10-12 16:32:29,24.31.144.179,1.1.1.1,syn_ack,54
2024-10-12 16:31:44,13.224.103.18,10.0.2.15,syn_ack,60
2024-10-12 16:32:29,157.3.204.127,1.1.1.1,syn_ack,54
2024-10-12 16:32:34,245.98.253.20,1.1.1.1,syn_ack,54
2024-10-12 16:32:32,172.222.2.61,1.1.1.1,syn_ack,54
2024-10-12 16:32:33,175.93.134.227,1.1.1.1,syn_ack,54
2024-10-12 16:32:35,239.78.118.145,1.1.1.1,syn_ack,54
2024-10-12 16:32:31,175.174.78.125,1.1.1.1,syn_ack,54
2024-10-12 16:46:40,149.154.175.59,10.0.2.15,syn_ack,60
2024-10-12 16:32:32,130.158.245.129,1.1.1.1,syn_ack,54
2024-10-12 16:39:00,149.154.175.100,10.0.2.15,syn_ack,60
2024-10-12 16:32:37,230.241.187.242,1.1.1.1,syn_ack,54
2024-10-12 16:32:30,71.245.194.76,1.1.1.1,syn_ack,54
2024-10-12 16:32:37,151.99.191.187,1.1.1.1,syn_ack,54
2024-10-12 16:32:30,216.252.200.212,1.1.1.1,syn_ack,54
2024-10-12 16:38:55,149.154.167.99,10.0.2.15,syn_ack,60
2024-10-12 16:32:34,125.131.190.120,1.1.1.1,syn_ack,54
2024-10-12 16:32:29,85.1.72.64,1.1.1.1,syn_ack,54
2024-10-12 16:32:36,144.214.234.122,1.1.1.1,syn_ack,54
2024-10-12 16:32:33,208.44.120.213,1.1.1.1,syn_ack,54
2024-10-12 16:32:31,100.82.37.255,1.1.1.1,syn_ack,54
2024-10-12 16:32:36,2.208.181.22,1.1.1.1,syn_ack,54
2024-10-12 16:32:31,243.254.78.194,1.1.1.1,syn_ack,54
2024-10-12 16:32:35,10.109.122.16,1.1.1.1,syn_ack,54
2024-10-12 16:32:35,59.32.245.9,1.1.1.1,syn_ack,54
2024-10-12 16:32:33,97.183.194.125,1.1.1.1,syn_ack,54
2024-10-12 16:32:32,46.77.116.195,1.1.1.1,syn_ack,54
2024-10-12 16:32:29,217.24.156.107,1.1.1.1,syn_ack,54
2024-10-12 16:32:33,116.252.199.47,1.1.1.1,syn_ack,54
2024-10-12 16:32:30,191.149.138.108,1.1.1.1,syn_ack,54
2024-10-12 16:46:29,149.154.167.223,10.0.2.15,syn_ack,60
2024-10-12 16:32:33,234.64.29.175,1.1.1.1,syn_ack,54
2024-10-12 16:32:30,177.67.223.24,1.1.1.1,syn_ack,54
2024-10-12 16:46:32,149.154.167.223,10.0.2.15,syn_ack,60
2024-10-12 16:32:29,239.186.149.169,1.1.1.1,syn_ack,54
2024-10-12 16:32:36,55.149.220.249,1.1.1.1,syn_ack,54
2024-10-12 16:32:36,110.12.144.9,1.1.1.1,syn_ack,54
2024-10-12 16:32:37,107.238.183.149,1.1.1.1,syn_ack,54
2024-10-12 16:32:35,105.249.127.89,1.1.1.1,syn_ack,54
2024-10-12 16:46:30,149.154.175.55,10.0.2.15,syn_ack,60
2024-10-12 16:32:37,235.49.169.51,1.1.1.1,syn_ack,54
2024-10-12 16:32:00,7.43.245.218,1.1.1.1,syn_flood,54
2024-10-12 16:31:51,164.67.164.55,1.1.1.1,syn_flood,54
2024-10-12 16:32:08,228.178.94.44,1.1.1.1,syn_flood,54
2024-10-12 16:31:44,219.127.187.7,1.1.1.1,syn_flood,54
2024-10-12 16:32:05,81.239.91.246,1.1.1.1,syn_flood,54
2024-10-12 16:31:51,100.172.199.128,1.1.1.1,syn_flood,54
2024-10-12 16:31:47,59.146.224.242,1.1.1.1,syn_flood,54
2024-10-12 16:32:08,250.25.60.135,1.1.1.1,syn_flood,54
2024-10-12 16:31:57,102.210.187.111,1.1.1.1,syn_flood,54
2024-10-12 16:31:50,133.92.70.224,1.1.1.1,syn_flood,54
2024-10-12 16:31:41,230.168.244.217,1.1.1.1,syn_flood,54
2024-10-12 16:31:40,170.86.12.148,1.1.1.1,syn_flood,54
2024-10-12 16:32:04,124.226.48.245,1.1.1.1,syn_flood,54
2024-10-12 16:31:57,133.10.55.75,1.1.1.1,syn_flood,54
2024-10-12 16:31:43,222.90.216.13,1.1.1.1,syn_flood,54
2024-10-12 16:31:49,235.168.50.45,1.1.1.1,syn_flood,54
2024-10-12 16:31:48,249.40.102.117,1.1.1.1,syn_flood,54
2024-10-12 16:32:06,223.208.83.170,1.1.1.1,syn_flood,54
2024-10-12 16:31:51,131.28.132.59,1.1.1.1,syn_flood,54
2024-10-12 16:46:32,10.0.2.15,149.154.167.92,syn_flood,74
2024-10-12 16:32:05,108.163.191.0,1.1.1.1,syn_flood,54
2024-10-12 16:32:00,211.182.48.227,1.1.1.1,syn_flood,54
2024-10-12 16:46:33,10.0.2.15,149.154.167.92,syn_flood,74
2024-10-12 16:32:05,226.29.213.152,1.1.1.1,syn_flood,54
2024-10-12 16:46:32,10.0.2.15,149.154.167.223,syn_flood,74
2024-10-12 16:31:48,145.48.115.174,1.1.1.1,syn_flood,54
2024-10-12 16:46:33,10.0.2.15,149.154.167.41,syn_flood,74
2024-10-12 16:39:00,10.0.2.15,95.161.76.101,syn_flood,74
2024-10-12 16:31:46,56.242.85.53,1.1.1.1,syn_flood,54
2024-10-12 16:32:02,143.128.48.53,1.1.1.1,syn_flood,54
2024-10-12 16:32:00,158.82.131.27,1.1.1.1,syn_flood,54
2024-10-12 16:31:50,52.148.183.224,1.1.1.1,syn_flood,54
2024-10-12 16:31:49,140.106.64.170,1.1.1.1,syn_flood,54
2024-10-12 16:31:47,56.82.238.91,1.1.1.1,syn_flood,54
2024-10-12 16:32:03,223.19.2.227,1.1.1.1,syn_flood,54
2024-10-12 16:31:55,35.207.249.249,1.1.1.1,syn_flood,54
2024-10-12 16:32:09,246.181.17.174,1.1.1.1,syn_flood,54
2024-10-12 16:31:46,55.253.168.224,1.1.1.1,syn_flood,54
2024-10-12 16:31:50,81.229.108.34,1.1.1.1,syn_flood,54
2024-10-12 16:31:47,193.164.74.97,1.1.1.1,syn_flood,54
2024-10-12 16:31:39,99.247.194.193,1.1.1.1,syn_flood,54
2024-10-12 16:31:43,192.196.113.16,1.1.1.1,syn_flood,54
2024-10-12 16:32:10,108.32.1.89,1.1.1.1,syn_flood,54
2024-10-12 16:32:00,34.126.86.217,1.1.1.1,syn_flood,54
2024-10-12 16:46:39,10.0.2.15,149.154.175.59,syn_flood,74
2024-10-12 16:31:58,85.35.48.114,1.1.1.1,syn_flood,54
2024-10-12 16:31:51,139.24.69.75,1.1.1.1,syn_flood,54
2024-10-12 16:31:48,239.53.102.69,1.1.1.1,syn_flood,54
2024-10-12 16:31:49,20.225.211.247,1.1.1.1,syn_flood,54
2024-10-12 16:31:51,199.96.126.113,1.1.1.1,syn_flood,54
2024-10-12 16:31:53,152.169.100.157,1.1.1.1,syn_flood,54
2024-10-12 16:31:51,12.198.142.3,1.1.1.1,syn_flood,54
2024-10-12 16:31:44,147.100.194.136,1.1.1.1,syn_flood,54
2024-10-12 16:32:05,112.68.208.225,1.1.1.1,syn_flood,54
2024-10-12 16:31:54,113.200.145.145,1.1.1.1,syn_flood,54
2024-10-12 16:31:40,100.197.173.242,1.1.1.1,syn_flood,54
2024-10-12 16:31:53,133.76.119.24,1.1.1.1,syn_flood,54
2024-10-12 16:32:08,92.127.99.173,1.1.1.1,syn_flood,54
2024-10-12 16:31:48,205.55.183.47,1.1.1.1,syn_flood,54
2024-10-12 16:32:08,132.97.242.220,1.1.1.1,syn_flood,54
2024-10-12 16:31:39,159.101.48.188,1.1.1.1,syn_flood,54
2024-10-12 16:31:51,124.234.69.240,1.1.1.1,syn_flood,54
2024-10-12 16:31:42,32.141.80.178,1.1.1.1,syn_flood,54
2024-10-12 16:31:53,225.123.228.159,1.1.1.1,syn_flood,54
2024-10-12 16:31:52,150.132.89.246,1.1.1.1,syn_flood,54
2024-10-12 16:31:57,214.1.12.165,1.1.1.1,syn_flood,54
2024-10-12 16:32:05,126.77.161.183,1.1.1.1,syn_flood,54
2024-10-12 16:31:57,97.215.222.177,1.1.1.1,syn_flood,54
2024-10-12 16:32:09,212.159.40.199,1.1.1.1,syn_flood,54
2024-10-12 16:31:56,175.28.139.83,1.1.1.1,syn_flood,54
2024-10-12 16:31:57,66.166.156.91,1.1.1.1,syn_flood,54
2024-10-12 16:31:52,26.78.123.91,1.1.1.1,syn_flood,54
2024-10-12 16:31:54,92.34.129.37,1.1.1.1,syn_flood,54
2024-10-12 16:32:10,41.159.135.244,1.1.1.1,syn_flood,54
2024-10-12 16:31:59,247.31.72.235,1.1.1.1,syn_flood,54
2024-10-12 16:32:00,49.9.208.192,1.1.1.1,syn_flood,54
2024-10-12 16:31:46,12.199.153.24,1.1.1.1,syn_flood,54
2024-10-12 16:32:07,113.166.73.246,1.1.1.1,syn_flood,54
2024-10-12 16:31:39,182.161.198.163,1.1.1.1,syn_flood,54
2024-10-12 16:32:07,143.136.174.232,1.1.1.1,syn_flood,54
2024-10-12 16:32:04,249.238.250.179,1.1.1.1,syn_flood,54
2024-10-12 16:31:53,152.227.17.1,1.1.1.1,syn_flood,54
2024-10-12 16:31:40,10.183.233.219,1.1.1.1,syn_flood,54
2024-10-12 16:32:05,204.21.110.79,1.1.1.1,syn_flood,54
2024-10-12 16:31:54,6.192.86.82,1.1.1.1,syn_flood,54
2024-10-12 16:32:02,137.191.209.206,1.1.1.1,syn_flood,54
2024-10-12 16:31:44,67.141.48.192,1.1.1.1,syn_flood,54
2024-10-12 16:31:48,165.86.188.145,1.1.1.1,syn_flood,54
2024-10-12 16:46:29,10.0.2.15,149.154.175.55,syn_flood,74
2024-10-12 16:31:49,153.149.147.153,1.1.1.1,syn_flood,54
2024-10-12 16:31:53,230.53.115.20,1.1.1.1,syn_flood,54
2024-10-12 16:31:48,125.74.99.128,1.1.1.1,syn_flood,54
2024-10-12 16:31:55,166.215.11.50,1.1.1.1,syn_flood,54
2024-10-12 16:31:39,228.58.207.118,1.1.1.1,syn_flood,54
2024-10-12 16:31:39,197.154.189.161,1.1.1.1,syn_flood,54
2024-10-12 16:31:39,223.121.207.94,1.1.1.1,syn_flood,54
2024-10-12 16:32:03,18.62.93.197,1.1.1.1,syn_flood,54
2024-10-12 16:32:08,211.237.126.7,1.1.1.1,syn_flood,54
2024-10-12 16:31:45,108.7.142.26,1.1.1.1,syn_flood,54
2024-10-12 16:31:56,116.162.219.207,1.1.1.1,syn_flood,54
2024-10-12 16:31:39,225.176.75.113,1.1.1.1,syn_flood,54
2024-10-12 16:31:38,204.157.74.120,1.1.1.1,syn_flood,54
2024-10-12 16:38:59,10.0.2.15,142.250.180.195,syn_flood,74
2024-10-12 16:31:47,194.3.146.206,1.1.1.1,syn_flood,54
2024-10-12 16:32:00,139.192.1.136,1.1.1.1,syn_flood,54
2024-10-12 16:32:01,231.212.118.4,1.1.1.1,syn_flood,54
2024-10-12 16:32:00,182.235.216.124,1.1.1.1,syn_flood,54
2024-10-12 16:39:00,10.0.2.15,149.154.175.100,syn_flood,74
2024-10-12 16:31:45,246.126.198.154,1.1.1.1,syn_flood,54
2024-10-12 16:32:00,104.93.111.95,1.1.1.1,syn_flood,54
2024-10-12 16:32:05,19.245.116.213,1.1.1.1,syn_flood,54
2024-10-12 16:31:42,117.236.178.107,1.1.1.1,syn_flood,54
2024-10-12 16:31:40,8.61.70.54,1.1.1.1,syn_flood,54
2024-10-12 16:31:43,87.87.43.136,1.1.1.1,syn_flood,54
2024-10-12 16:31:56,239.206.35.146,1.1.1.1,syn_flood,54
2024-10-12 16:32:05,79.221.205.226,1.1.1.1,syn_flood,54
2024-10-12 16:31:52,12.102.222.107,1.1.1.1,syn_flood,54
2024-10-12 16:31:54,113.245.117.175,1.1.1.1,syn_flood,54
2024-10-12 16:31:46,149.26.137.74,1.1.1.1,syn_flood,54
2024-10-12 16:32:08,95.233.175.252,1.1.1.1,syn_flood,54
2024-10-12 16:31:53,116.1.170.55,1.1.1.1,syn_flood,54
2024-10-12 16:31:41,96.167.131.129,1.1.1.1,syn_flood,54
2024-10-12 16:32:05,215.177.148.202,1.1.1.1,syn_flood,54
2024-10-12 16:31:58,246.250.198.208,1.1.1.1,syn_flood,54
2024-10-12 16:32:03,57.189.192.227,1.1.1.1,syn_flood,54
2024-10-12 16:32:05,195.112.229.142,1.1.1.1,syn_flood,54
2024-10-12 16:46:39,10.0.2.15,149.154.175.55,syn_flood,74
2024-10-12 16:31:45,102.110.234.20,1.1.1.1,syn_flood,54
2024-10-12 16:31:59,101.20.72.114,1.1.1.1,syn_flood,54
2024-10-12 16:31:56,254.93.124.3,1.1.1.1,syn_flood,54
2024-10-12 16:31:51,89.106.76.117,1.1.1.1,syn_flood,54
2024-10-12 16:39:00,10.0.2.15,149.154.175.100,syn_flood,74
2024-10-12 16:31:47,123.163.101.158,1.1.1.1,syn_flood,54
2024-10-12 16:31:42,65.130.246.91,1.1.1.1,syn_flood,54
2024-10-12 16:32:01,131.181.7.253,1.1.1.1,syn_flood,54
2024-10-12 16:31:44,45.51.172.244,1.1.1.1,syn_flood,54
2024-10-12 16:31:57,112.151.112.253,1.1.1.1,syn_flood,54
2024-10-12 16:31:44,228.201.241.173,1.1.1.1,syn_flood,54
2024-10-12 16:32:02,78.29.244.43,1.1.1.1,syn_flood,54
2024-10-12 16:31:40,152.64.136.126,1.1.1.1,syn_flood,54
2024-10-12 16:32:00,109.138.111.227,1.1.1.1,syn_flood,54
2024-10-12 16:32:08,54.211.9.53,1.1.1.1,syn_flood,54
2024-10-12 16:31:57,209.63.186.181,1.1.1.1,syn_flood,54
2024-10-12 16:32:06,202.208.211.173,1.1.1.1,syn_flood,54
2024-10-12 16:32:04,35.72.68.104,1.1.1.1,syn_flood,54
2024-10-12 16:31:58,121.203.112.71,1.1.1.1,syn_flood,54
2024-10-12 16:31:57,116.57.126.131,1.1.1.1,syn_flood,54
2024-10-12 16:31:50,95.2.58.207,1.1.1.1,syn_flood,54
2024-10-12 16:31:41,113.222.67.173,1.1.1.1,syn_flood,54
2024-10-12 16:31:55,185.143.130.64,1.1.1.1,syn_flood,54
2024-10-12 16:31:48,243.210.75.103,1.1.1.1,syn_flood,54
2024-10-12 16:31:54,225.111.57.69,1.1.1.1,syn_flood,54
2024-10-12 16:32:09,35.123.99.63,1.1.1.1,syn_flood,54
2024-10-12 16:32:01,193.21.219.232,1.1.1.1,syn_flood,54
2024-10-12 16:31:56,230.50.186.83,1.1.1.1,syn_flood,54
2024-10-12 16:32:08,211.113.195.4,1.1.1.1,syn_flood,54
2024-10-12 16:31:51,94.255.55.38,1.1.1.1,syn_flood,54
2024-10-12 16:31:58,58.20.112.88,1.1.1.1,syn_flood,54
2024-10-12 16:31:53,163.52.68.214,1.1.1.1,syn_flood,54
2024-10-12 16:32:08,83.193.108.46,1.1.1.1,syn_flood,54
2024-10-12 16:31:56,140.39.94.105,1.1.1.1,syn_flood,54
2024-10-12 16:31:39,53.150.181.3,1.1.1.1,syn_flood,54
2024-10-12 16:32:08,154.246.120.235,1.1.1.1,syn_flood,54
2024-10-12 16:31:43,77.68.28.227,1.1.1.1,syn_flood,54
2024-10-12 16:31:41,174.161.138.212,1.1.1.1,syn_flood,54
2024-10-12 16:32:01,242.240.188.240,1.1.1.1,syn_flood,54
2024-10-12 16:31:42,72.185.97.171,1.1.1.1,syn_flood,54
2024-10-12 16:31:46,207.223.62.49,1.1.1.1,syn_flood,54
2024-10-12 16:31:52,67.69.68.116,1.1.1.1,syn_flood,54
2024-10-12 16:31:41,156.67.202.148,1.1.1.1,syn_flood,54
2024-10-12 16:31:40,118.129.235.206,1.1.1.1,syn_flood,54
2024-10-12 16:31:40,144.252.158.177,1.1.1.1,syn_flood,54
2024-10-12 16:32:06,64.234.227.178,1.1.1.1,syn_flood,54
2024-10-12 16:31:54,138.184.253.159,1.1.1.1,syn_flood,54
2024-10-12 16:31:45,219.84.138.38,1.1.1.1,syn_flood,54
2024-10-12 16:31:42,60.168.1.92,1.1.1.1,syn_flood,54
2024-10-12 16:32:01,134.201.22.6,1.1.1.1,syn_flood,54
2024-10-12 16:31:57,188.219.71.35,1.1.1.1,syn_flood,54
2024-10-12 16:31:40,207.19.155.195,1.1.1.1,syn_flood,54
2024-10-12 16:32:08,199.227.10.159,1.1.1.1,syn_flood,54
2024-10-12 16:32:08,189.3.124.169,1.1.1.1,syn_flood,54
2024-10-12 16:31:59,190.66.236.91,1.1.1.1,syn_flood,54
2024-10-12 16:32:02,9.89.73.123,1.1.1.1,syn_flood,54
2024-10-12 16:31:39,148.166.91.243,1.1.1.1,syn_flood,54
2024-10-12 16:31:42,141.47.222.63,1.1.1.1,syn_flood,54
2024-10-12 16:32:07,249.40.26.205,1.1.1.1,syn_flood,54
2024-10-12 16:32:07,46.224.197.6,1.1.1.1,syn_flood,54
2024-10-12 16:31:43,68.115.253.202,1.1.1.1,syn_flood,54
2024-10-12 16:46:38,10.0.2.15,149.154.175.59,syn_flood,74
2024-10-12 16:31:40,43.51.127.233,1.1.1.1,syn_flood,54
2024-10-12 16:31:48,247.69.221.218,1.1.1.1,syn_flood,54
2024-10-12 16:32:04,141.148.98.234,1.1.1.1,syn_flood,54
2024-10-12 16:32:02,133.114.209.91,1.1.1.1,syn_flood,54
2024-10-12 16:31:40,245.57.72.178,1.1.1.1,syn_flood,54
2024-10-12 16:31:39,25.102.27.136,1.1.1.1,syn_flood,54
2024-10-12 16:31:47,252.249.208.215,1.1.1.1,syn_flood,54
2024-10-12 16:31:50,245.171.23.214,1.1.1.1,syn_flood,54
2024-10-12 16:31:48,144.75.145.115,1.1.1.1,syn_flood,54
2024-10-12 16:32:02,136.212.176.192,1.1.1.1,syn_flood,54
2024-10-12 16:32:07,85.67.179.152,1.1.1.1,syn_flood,54
2024-10-12 16:32:02,246.90.3.91,1.1.1.1,syn_flood,54
2024-10-12 16:46:32,10.0.2.15,149.154.167.223,syn_flood,74
2024-10-12 16:31:55,45.62.237.143,1.1.1.1,syn_flood,54
2024-10-12 16:32:09,6.60.227.12,1.1.1.1,syn_flood,54
2024-10-12 16:32:05,172.84.7.142,1.1.1.1,syn_flood,54
2024-10-12 16:32:10,144.136.34.240,1.1.1.1,syn_flood,54
2024-10-12 16:32:07,67.236.12.130,1.1.1.1,syn_flood,54
2024-10-12 16:31:58,47.109.159.166,1.1.1.1,syn_flood,54
2024-10-12 16:31:59,19.105.219.32,1.1.1.1,syn_flood,54
2024-10-12 16:32:05,55.64.63.215,1.1.1.1,syn_flood,54
2024-10-12 16:31:53,56.147.138.71,1.1.1.1,syn_flood,54
2024-10-12 16:31:57,231.136.18.128,1.1.1.1,syn_flood,54
2024-10-12 16:31:58,22.99.50.162,1.1.1.1,syn_flood,54
2024-10-12 16:31:50,68.65.130.232,1.1.1.1,syn_flood,54
2024-10-12 16:32:07,81.203.109.128,1.1.1.1,syn_flood,54
2024-10-12 16:32:08,138.184.189.44,1.1.1.1,syn_flood,54
2024-10-12 16:32:00,47.213.126.136,1.1.1.1,syn_flood,54
2024-10-12 16:31:42,128.193.112.101,1.1.1.1,syn_flood,54
2024-10-12 16:31:53,223.255.159.112,1.1.1.1,syn_flood,54
2024-10-12 16:31:52,93.175.158.135,1.1.1.1,syn_flood,54
2024-10-12 16:31:47,185.131.149.145,1.1.1.1,syn_flood,54
2024-10-12 16:32:07,183.143.35.220,1.1.1.1,syn_flood,54
2024-10-12 16:31:49,206.180.235.3,1.1.1.1,syn_flood,54
2024-10-12 16:32:03,27.99.76.111,1.1.1.1,syn_flood,54
2024-10-12 16:32:03,237.204.175.207,1.1.1.1,syn_flood,54
2024-10-12 16:31:48,89.28.90.52,1.1.1.1,syn_flood,54
2024-10-12 16:31:52,69.67.180.225,1.1.1.1,syn_flood,54
2024-10-12 16:31:58,243.159.148.250,1.1.1.1,syn_flood,54
2024-10-12 16:31:47,130.167.233.228,1.1.1.1,syn_flood,54
2024-10-12 16:32:06,76.197.128.21,1.1.1.1,syn_flood,54
2024-10-12 16:31:39,104.229.5.145,1.1.1.1,syn_flood,54
2024-10-12 16:31:56,58.45.44.4,1.1.1.1,syn_flood,54
2024-10-12 16:32:06,73.187.250.210,1.1.1.1,syn_flood,54
2024-10-12 16:31:58,192.61.224.186,1.1.1.1,syn_flood,54
2024-10-12 16:31:59,61.239.185.152,1.1.1.1,syn_flood,54
2024-10-12 16:31:45,24.239.196.200,1.1.1.1,syn_flood,54
2024-10-12 16:31:40,208.110.202.245,1.1.1.1,syn_flood,54
2024-10-12 16:31:55,242.145.29.111,1.1.1.1,syn_flood,54
2024-10-12 16:32:09,210.87.203.117,1.1.1.1,syn_flood,54
2024-10-12 16:32:09,206.76.98.167,1.1.1.1,syn_flood,54
2024-10-12 16:32:05,113.161.197.162,1.1.1.1,syn_flood,54
2024-10-12 16:31:56,108.163.255.251,1.1.1.1,syn_flood,54
2024-10-12 16:32:01,254.107.237.116,1.1.1.1,syn_flood,54
2024-10-12 16:31:59,177.77.248.199,1.1.1.1,syn_flood,54
2024-10-12 16:31:59,228.123.187.96,1.1.1.1,syn_flood,54
2024-10-12 16:32:09,74.81.183.73,1.1.1.1,syn_flood,54
2024-10-12 16:31:48,67.39.209.65,1.1.1.1,syn_flood,54
2024-10-12 16:32:02,152.111.181.114,1.1.1.1,syn_flood,54
2024-10-12 16:31:57,74.190.209.112,1.1.1.1,syn_flood,54
2024-10-12 16:31:43,130.200.226.188,1.1.1.1,syn_flood,54
2024-10-12 16:31:59,76.126.115.241,1.1.1.1,syn_flood,54
2024-10-12 16:31:43,147.248.247.206,1.1.1.1,syn_flood,54
2024-10-12 16:32:08,205.93.147.155,1.1.1.1,syn_flood,54
2024-10-12 16:32:08,23.81.54.239,1.1.1.1,syn_flood,54
2024-10-12 16:32:04,119.243.61.175,1.1.1.1,syn_flood,54
2024-10-12 16:31:44,67.231.113.89,1.1.1.1,syn_flood,54
2024-10-12 16:31:51,248.243.22.82,1.1.1.1,syn_flood,54
2024-10-12 16:31:39,53.32.27.28,1.1.1.1,syn_flood,54
2024-10-12 16:31:42,136.139.154.106,1.1.1.1,syn_flood,54
2024-10-12 16:32:06,229.113.48.34,1.1.1.1,syn_flood,54
2024-10-12 16:31:39,171.211.183.23,1.1.1.1,syn_flood,54
2024-10-12 16:31:45,224.165.99.67,1.1.1.1,syn_flood,54
2024-10-12 16:46:39,10.0.2.15,149.154.175.55,syn_flood,74
2024-10-12 16:31:46,248.33.154.8,1.1.1.1,syn_flood,54
2024-10-12 16:32:09,201.86.129.95,1.1.1.1,syn_flood,54
2024-10-12 16:32:01,58.0.193.203,1.1.1.1,syn_flood,54
2024-10-12 16:31:43,209.240.59.254,1.1.1.1,syn_flood,54
2024-10-12 16:32:08,62.161.88.192,1.1.1.1,syn_flood,54
2024-10-12 16:31:59,198.231.191.160,1.1.1.1,syn_flood,54
2024-10-12 16:31:46,194.99.198.44,1.1.1.1,syn_flood,54
2024-10-12 16:46:29,10.0.2.15,149.154.175.59,syn_flood,74
2024-10-12 16:32:06,30.200.244.238,1.1.1.1,syn_flood,54
2024-10-12 16:32:03,31.242.72.154,1.1.1.1,syn_flood,54
2024-10-12 16:31:51,64.196.28.63,1.1.1.1,syn_flood,54
2024-10-12 16:32:06,196.209.207.178,1.1.1.1,syn_flood,54
2024-10-12 16:32:05,204.221.79.152,1.1.1.1,syn_flood,54
2024-10-12 16:31:53,151.179.82.103,1.1.1.1,syn_flood,54
2024-10-12 16:31:53,191.27.13.109,1.1.1.1,syn_flood,54
2024-10-12 16:32:06,210.99.52.26,1.1.1.1,syn_flood,54
2024-10-12 16:31:43,3.191.240.104,1.1.1.1,syn_flood,54
2024-10-12 16:31:57,34.3.35.155,1.1.1.1,syn_flood,54
2024-10-12 16:31:50,168.178.226.172,1.1.1.1,syn_flood,54
2024-10-12 16:31:54,67.40.212.80,1.1.1.1,syn_flood,54
2024-10-12 16:32:09,190.162.172.51,1.1.1.1,syn_flood,54
2024-10-12 16:31:48,66.53.117.51,1.1.1.1,syn_flood,54
2024-10-12 16:32:01,164.158.113.210,1.1.1.1,syn_flood,54
2024-10-12 16:31:54,188.39.191.125,1.1.1.1,syn_flood,54
2024-10-12 16:31:40,135.53.159.77,1.1.1.1,syn_flood,54
2024-10-12 16:31:58,253.48.201.91,1.1.1.1,syn_flood,54
2024-10-12 16:31:55,3.48.126.98,1.1.1.1,syn_flood,54
2024-10-12 16:32:06,210.123.97.153,1.1.1.1,syn_flood,54
2024-10-12 16:31:42,239.147.241.93,1.1.1.1,syn_flood,54
2024-10-12 16:31:59,83.192.175.96,1.1.1.1,syn_flood,54
2024-10-12 16:31:50,178.127.210.106,1.1.1.1,syn_flood,54
2024-10-12 16:31:49,73.137.195.126,1.1.1.1,syn_flood,54
2024-10-12 16:32:04,66.73.204.77,1.1.1.1,syn_flood,54
2024-10-12 16:31:44,207.47.109.54,1.1.1.1,syn_flood,54
2024-10-12 16:31:46,34.3.202.87,1.1.1.1,syn_flood,54
2024-10-12 16:31:50,187.206.83.239,1.1.1.1,syn_flood,54
2024-10-12 16:31:46,170.161.35.147,1.1.1.1,syn_flood,54
2024-10-12 16:31:55,151.229.81.251,1.1.1.1,syn_flood,54
2024-10-12 16:31:55,225.26.188.220,1.1.1.1,syn_flood,54
2024-10-12 16:46:38,10.0.2.15,149.154.175.59,syn_flood,74
2024-10-12 16:31:51,23.131.208.142,1.1.1.1,syn_flood,54
2024-10-12 16:31:43,94.151.251.110,1.1.1.1,syn_flood,54
2024-10-12 16:31:49,175.10.166.29,1.1.1.1,syn_flood,54
2024-10-12 16:46:29,10.0.2.15,149.154.167.223,syn_flood,74
2024-10-12 16:31:57,47.83.29.106,1.1.1.1,syn_flood,54
2024-10-12 16:31:55,5.203.134.195,1.1.1.1,syn_flood,54
2024-10-12 16:31:44,77.196.38.144,1.1.1.1,syn_flood,54
2024-10-12 16:32:00,179.28.223.243,1.1.1.1,syn_flood,54
2024-10-12 16:31:50,164.25.50.44,1.1.1.1,syn_flood,54
2024-10-12 16:32:05,26.27.79.36,1.1.1.1,syn_flood,54
2024-10-12 16:31:43,56.22.10.43,1.1.1.1,syn_flood,54
2024-10-12 16:32:00,101.5.67.135,1.1.1.1,syn_flood,54
2024-10-12 16:31:40,197.245.206.15,1.1.1.1,syn_flood,54
2024-10-12 16:46:32,10.0.2.15,149.154.167.92,syn_flood,74
2024-10-12 16:31:39,240.194.183.120,1.1.1.1,syn_flood,54
2024-10-12 16:31:44,36.88.50.140,1.1.1.1,syn_flood,54
2024-10-12 16:31:54,158.166.59.36,1.1.1.1,syn_flood,54
2024-10-12 16:31:45,90.162.145.96,1.1.1.1,syn_flood,54
2024-10-12 16:32:04,169.243.131.46,1.1.1.1,syn_flood,54
2024-10-12 16:46:46,10.0.2.15,149.154.167.41,syn_flood,74
2024-10-12 16:32:09,230.249.206.201,1.1.1.1,syn_flood,54
2024-10-12 16:31:46,137.190.243.200,1.1.1.1,syn_flood,54
2024-10-12 16:31:53,137.151.32.3,1.1.1.1,syn_flood,54
2024-10-12 16:31:57,60.220.61.239,1.1.1.1,syn_flood,54
2024-10-12 16:32:08,153.111.38.101,1.1.1.1,syn_flood,54
2024-10-12 16:31:57,222.145.96.181,1.1.1.1,syn_flood,54
2024-10-12 16:46:39,10.0.2.15,149.154.175.59,syn_flood,74
2024-10-12 16:32:03,18.123.244.136,1.1.1.1,syn_flood,54
2024-10-12 16:32:08,35.120.19.78,1.1.1.1,syn_flood,54
2024-10-12 16:31:39,104.175.211.91,1.1.1.1,syn_flood,54
2024-10-12 16:32:10,204.185.184.45,1.1.1.1,syn_flood,54
2024-10-12 16:32:03,127.137.59.32,1.1.1.1,syn_flood,54
2024-10-12 16:32:05,64.215.195.42,1.1.1.1,syn_flood,54
2024-10-12 16:31:58,52.164.137.32,1.1.1.1,syn_flood,54
2024-10-12 16:31:58,239.11.0.34,1.1.1.1,syn_flood,54
2024-10-12 16:32:02,204.70.166.80,1.1.1.1,syn_flood,54
2024-10-12 16:32:09,140.2.111.216,1.1.1.1,syn_flood,54
2024-10-12 16:31:48,26.141.18.151,1.1.1.1,syn_flood,54
2024-10-12 16:31:54,73.79.123.6,1.1.1.1,syn_flood,54
2024-10-12 16:31:41,213.9.91.7,1.1.1.1,syn_flood,54
2024-10-12 16:31:43,172.255.190.137,1.1.1.1,syn_flood,54
2024-10-12 16:31:53,42.144.128.84,1.1.1.1,syn_flood,54
2024-10-12 16:31:53,69.150.41.83,1.1.1.1,syn_flood,54
2024-10-12 16:32:07,164.193.128.104,1.1.1.1,syn_flood,54
2024-10-12 16:31:58,89.168.208.38,1.1.1.1,syn_flood,54
2024-10-12 16:32:00,39.202.195.116,1.1.1.1,syn_flood,54
2024-10-12 16:31:45,52.64.118.4,1.1.1.1,syn_flood,54
2024-10-12 16:32:02,162.22.97.201,1.1.1.1,syn_flood,54
2024-10-12 16:32:04,79.159.83.142,1.1.1.1,syn_flood,54
2024-10-12 16:31:41,27.126.22.80,1.1.1.1,syn_flood,54
2024-10-12 16:32:02,171.183.74.30,1.1.1.1,syn_flood,54
2024-10-12 16:32:03,210.89.122.180,1.1.1.1,syn_flood,54
2024-10-12 16:32:03,187.173.61.200,1.1.1.1,syn_flood,54
2024-10-12 16:31:56,181.202.167.184,1.1.1.1,syn_flood,54
2024-10-12 16:31:45,94.205.178.37,1.1.1.1,syn_flood,54
2024-10-12 16:31:48,114.42.223.195,1.1.1.1,syn_flood,54
2024-10-12 16:31:43,174.224.167.240,1.1.1.1,syn_flood,54
2024-10-12 16:31:58,235.165.160.45,1.1.1.1,syn_flood,54
2024-10-12 16:31:43,105.33.81.117,1.1.1.1,syn_flood,54
2024-10-12 16:32:06,36.2.13.102,1.1.1.1,syn_flood,54
2024-10-12 16:31:59,143.214.124.115,1.1.1.1,syn_flood,54
2024-10-12 16:31:45,217.203.168.127,1.1.1.1,syn_flood,54
2024-10-12 16:32:09,234.107.253.32,1.1.1.1,syn_flood,54
2024-10-12 16:31:39,175.140.104.61,1.1.1.1,syn_flood,54
2024-10-12 16:32:05,10.174.11.163,1.1.1.1,syn_flood,54
2024-10-12 16:31:44,197.163.161.101,1.1.1.1,syn_flood,54
2024-10-12 16:32:07,231.148.141.50,1.1.1.1,syn_flood,54
2024-10-12 16:31:49,76.160.67.255,1.1.1.1,syn_flood,54
2024-10-12 16:31:45,152.2.172.237,1.1.1.1,syn_flood,54
2024-10-12 16:31:39,80.35.71.226,1.1.1.1,syn_flood,54
2024-10-12 16:31:59,231.249.185.128,1.1.1.1,syn_flood,54
2024-10-12 16:32:01,172.193.192.191,1.1.1.1,syn_flood,54
2024-10-12 16:31:56,242.235.102.81,1.1.1.1,syn_flood,54
2024-10-12 16:32:07,68.102.241.8,1.1.1.1,syn_flood,54
2024-10-12 16:31:52,15.38.54.130,1.1.1.1,syn_flood,54
2024-10-12 16:31:51,49.242.15.44,1.1.1.1,syn_flood,54
2024-10-12 16:31:40,69.11.150.168,1.1.1.1,syn_flood,54
2024-10-12 16:31:55,204.245.146.243,1.1.1.1,syn_flood,54
2024-10-12 16:31:52,0.175.167.106,1.1.1.1,syn_flood,54
2024-10-12 16:32:04,203.184.78.245,1.1.1.1,syn_flood,54
2024-10-12 16:31:54,248.13.70.246,1.1.1.1,syn_flood,54
2024-10-12 16:31:58,25.149.159.230,1.1.1.1,syn_flood,54
2024-10-12 16:32:01,72.70.215.9,1.1.1.1,syn_flood,54
2024-10-12 16:32:08,117.238.121.103,1.1.1.1,syn_flood,54
2024-10-12 16:31:42,191.128.172.104,1.1.1.1,syn_flood,54
2024-10-12 16:31:39,47.179.179.171,1.1.1.1,syn_flood,54
2024-10-12 16:31:45,236.124.137.23,1.1.1.1,syn_flood,54
2024-10-12 16:32:01,238.245.57.30,1.1.1.1,syn_flood,54
2024-10-12 16:32:06,152.49.212.24,1.1.1.1,syn_flood,54
2024-10-12 16:32:10,184.143.25.226,1.1.1.1,syn_flood,54
2024-10-12 16:31:51,52.136.238.164,1.1.1.1,syn_flood,54
2024-10-12 16:31:44,7.102.104.56,1.1.1.1,syn_flood,54
2024-10-12 16:31:54,177.169.247.21,1.1.1.1,syn_flood,54
2024-10-12 16:32:00,120.202.197.162,1.1.1.1,syn_flood,54
2024-10-12 16:31:48,164.54.96.32,1.1.1.1,syn_flood,54
2024-10-12 16:31:57,131.248.40.207,1.1.1.1,syn_flood,54
2024-10-12 16:31:42,184.108.90.40,1.1.1.1,syn_flood,54
2024-10-12 16:31:47,202.206.199.110,1.1.1.1,syn_flood,54
2024-10-12 16:32:09,156.249.219.175,1.1.1.1,syn_flood,54
2024-10-12 16:32:05,207.145.56.111,1.1.1.1,syn_flood,54
2024-10-12 16:31:43,145.212.26.65,1.1.1.1,syn_flood,54
2024-10-12 16:32:09,218.138.165.156,1.1.1.1,syn_flood,54
2024-10-12 16:31:45,73.236.36.153,1.1.1.1,syn_flood,54
2024-10-12 16:31:46,57.224.16.241,1.1.1.1,syn_flood,54
2024-10-12 16:32:04,193.154.213.249,1.1.1.1,syn_flood,54
2024-10-12 16:31:47,61.144.20.50,1.1.1.1,syn_flood,54
2024-10-12 16:31:46,251.141.199.28,1.1.1.1,syn_flood,54
2024-10-12 16:32:08,206.199.40.221,1.1.1.1,syn_flood,54
2024-10-12 16:38:52,10.0.2.15,149.154.167.41,syn_flood,74
2024-10-12 16:31:50,138.108.133.192,1.1.1.1,syn_flood,54
2024-10-12 16:31:44,238.90.34.79,1.1.1.1,syn_flood,54
2024-10-12 16:31:54,158.201.161.0,1.1.1.1,syn_flood,54
2024-10-12 16:31:45,91.201.124.253,1.1.1.1,syn_flood,54
2024-10-12 16:31:52,160.68.254.33,1.1.1.1,syn_flood,54
2024-10-12 16:32:02,114.141.131.246,1.1.1.1,syn_flood,54
2024-10-12 16:31:52,156.236.36.28,1.1.1.1,syn_flood,54
2024-10-12 16:32:04,121.116.161.162,1.1.1.1,syn_flood,54
2024-10-12 16:32:07,120.162.228.208,1.1.1.1,syn_flood,54
2024-10-12 16:32:01,22.64.114.123,1.1.1.1,syn_flood,54
2024-10-12 16:31:41,91.16.194.109,1.1.1.1,syn_flood,54
2024-10-12 16:31:56,172.0.54.19,1.1.1.1,syn_flood,54
2024-10-12 16:31:55,73.82.64.120,1.1.1.1,syn_flood,54
2024-10-12 16:31:43,176.210.143.190,1.1.1.1,syn_flood,54
2024-10-12 16:31:49,52.35.76.101,1.1.1.1,syn_flood,54
2024-10-12 16:31:54,216.166.45.235,1.1.1.1,syn_flood,54
2024-10-12 16:32:02,70.30.147.17,1.1.1.1,syn_flood,54
2024-10-12 16:46:46,10.0.2.15,149.154.167.41,syn_flood,74
2024-10-12 16:31:57,2.248.171.253,1.1.1.1,syn_flood,54
2024-10-12 16:31:47,151.177.159.165,1.1.1.1,syn_flood,54
2024-10-12 16:32:04,92.228.162.185,1.1.1.1,syn_flood,54
2024-10-12 16:31:56,39.40.66.29,1.1.1.1,syn_flood,54
2024-10-12 16:31:57,115.208.220.180,1.1.1.1,syn_flood,54
2024-10-12 16:32:03,251.40.135.108,1.1.1.1,syn_flood,54
2024-10-12 16:31:49,241.246.99.58,1.1.1.1,syn_flood,54
2024-10-12 16:31:46,48.223.195.222,1.1.1.1,syn_flood,54
2024-10-12 16:31:44,103.210.189.89,1.1.1.1,syn_flood,54
2024-10-12 16:31:58,243.158.32.214,1.1.1.1,syn_flood,54
2024-10-12 16:32:00,236.194.24.162,1.1.1.1,syn_flood,54
2024-10-12 16:32:03,90.209.237.135,1.1.1.1,syn_flood,54
2024-10-12 16:32:02,132.222.59.175,1.1.1.1,syn_flood,54
2024-10-12 16:31:56,115.131.0.232,1.1.1.1,syn_flood,54
2024-10-12 16:31:58,251.58.212.187,1.1.1.1,syn_flood,54
2024-10-12 16:31:44,33.40.108.57,1.1.1.1,syn_flood,54
2024-10-12 16:32:05,74.65.191.174,1.1.1.1,syn_flood,54
2024-10-12 16:31:46,3.43.144.79,1.1.1.1,syn_flood,54
2024-10-12 16:31:48,0.224.73.147,1.1.1.1,syn_flood,54
2024-10-12 16:31:56,185.62.232.68,1.1.1.1,syn_flood,54
2024-10-12 16:31:41,204.30.78.186,1.1.1.1,syn_flood,54
2024-10-12 16:32:00,70.102.181.104,1.1.1.1,syn_flood,54
2024-10-12 16:31:40,194.213.17.222,1.1.1.1,syn_flood,54
2024-10-12 16:32:06,64.174.95.127,1.1.1.1,syn_flood,54
2024-10-12 16:32:05,214.192.183.25,1.1.1.1,syn_flood,54
2024-10-12 16:31:41,108.143.14.94,1.1.1.1,syn_flood,54
2024-10-12 16:32:03,134.149.195.1,1.1.1.1,syn_flood,54
2024-10-12 16:32:10,72.159.158.73,1.1.1.1,syn_flood,54
2024-10-12 16:31:42,127.119.38.25,1.1.1.1,syn_flood,54
2024-10-12 16:31:50,137.26.52.217,1.1.1.1,syn_flood,54
2024-10-12 16:31:50,227.198.154.240,1.1.1.1,syn_flood,54
2024-10-12 16:32:10,21.118.41.11,1.1.1.1,syn_flood,54
2024-10-12 16:31:57,209.150.219.138,1.1.1.1,syn_flood,54
2024-10-12 16:31:47,36.214.72.168,1.1.1.1,syn_flood,54
2024-10-12 16:38:51,10.0.2.15,149.154.167.41,syn_flood,74
2024-10-12 16:32:03,107.202.26.111,1.1.1.1,syn_flood,54
2024-10-12 16:31:55,235.25.82.80,1.1.1.1,syn_flood,54
2024-10-12 16:32:07,57.46.20.198,1.1.1.1,syn_flood,54
2024-10-12 16:31:55,230.125.54.189,1.1.1.1,syn_flood,54
2024-10-12 16:46:29,10.0.2.15,149.154.175.59,syn_flood,74
2024-10-12 16:31:56,233.214.37.192,1.1.1.1,syn_flood,54
2024-10-12 16:31:51,112.25.101.76,1.1.1.1,syn_flood,54
2024-10-12 16:31:50,120.251.89.50,1.1.1.1,syn_flood,54
2024-10-12 16:32:00,225.100.37.234,1.1.1.1,syn_flood,54
2024-10-12 16:46:38,10.0.2.15,149.154.175.55,syn_flood,74
2024-10-12 16:31:46,156.180.44.119,1.1.1.1,syn_flood,54
2024-10-12 16:32:04,179.117.197.179,1.1.1.1,syn_flood,54
2024-10-12 16:32:05,247.113.85.240,1.1.1.1,syn_flood,54
2024-10-12 16:31:42,167.192.39.102,1.1.1.1,syn_flood,54
2024-10-12 16:31:46,62.141.149.113,1.1.1.1,syn_flood,54
2024-10-12 16:31:52,135.102.212.136,1.1.1.1,syn_flood,54
2024-10-12 16:31:45,83.142.213.7,1.1.1.1,syn_flood,54
2024-10-12 16:32:02,142.118.148.172,1.1.1.1,syn_flood,54
2024-10-12 16:31:41,203.155.0.24,1.1.1.1,syn_flood,54
2024-10-12 16:31:40,171.60.120.224,1.1.1.1,syn_flood,54
2024-10-12 16:31:43,169.109.98.201,1.1.1.1,syn_flood,54
2024-10-12 16:31:55,130.1.129.124,1.1.1.1,syn_flood,54
2024-10-12 16:32:04,192.239.184.198,1.1.1.1,syn_flood,54
2024-10-12 16:31:42,249.91.101.11,1.1.1.1,syn_flood,54
2024-10-12 16:31:54,228.77.43.41,1.1.1.1,syn_flood,54
2024-10-12 16:31:44,111.163.95.18,1.1.1.1,syn_flood,54
2024-10-12 16:32:04,175.47.206.62,1.1.1.1,syn_flood,54
2024-10-12 16:32:05,68.182.96.172,1.1.1.1,syn_flood,54
2024-10-12 16:31:42,106.179.25.152,1.1.1.1,syn_flood,54
2024-10-12 16:31:54,235.5.107.120,1.1.1.1,syn_flood,54
2024-10-12 16:31:53,28.2.110.38,1.1.1.1,syn_flood,54
2024-10-12 16:31:55,50.147.124.25,1.1.1.1,syn_flood,54
2024-10-12 16:31:55,159.82.31.170,1.1.1.1,syn_flood,54
2024-10-12 16:32:05,114.11.173.245,1.1.1.1,syn_flood,54
2024-10-12 16:31:55,212.190.84.156,1.1.1.1,syn_flood,54
2024-10-12 16:31:54,61.204.30.24,1.1.1.1,syn_flood,54
2024-10-12 16:32:02,107.134.77.124,1.1.1.1,syn_flood,54
2024-10-12 16:31:41,146.118.22.164,1.1.1.1,syn_flood,54
2024-10-12 16:31:47,245.54.196.204,1.1.1.1,syn_flood,54
2024-10-12 16:31:50,239.202.120.164,1.1.1.1,syn_flood,54
2024-10-12 16:31:54,153.29.73.250,1.1.1.1,syn_flood,54
2024-10-12 16:31:45,249.96.214.109,1.1.1.1,syn_flood,54
2024-10-12 16:31:58,118.161.12.80,1.1.1.1,syn_flood,54
2024-10-12 16:31:59,198.88.213.190,1.1.1.1,syn_flood,54
2024-10-12 16:32:01,195.98.179.78,1.1.1.1,syn_flood,54
2024-10-12 16:31:57,167.206.145.82,1.1.1.1,syn_flood,54
2024-10-12 16:32:10,52.110.209.190,1.1.1.1,syn_flood,54
2024-10-12 16:31:52,149.171.158.218,1.1.1.1,syn_flood,54
2024-10-12 16:31:59,206.40.249.253,1.1.1.1,syn_flood,54
2024-10-12 16:32:01,74.198.160.195,1.1.1.1,syn_flood,54
2024-10-12 16:31:53,172.215.140.101,1.1.1.1,syn_flood,54
2024-10-12 16:38:59,10.0.2.15,149.154.175.100,syn_flood,74
2024-10-12 16:38:53,10.0.2.15,149.154.167.99,syn_flood,74
2024-10-12 16:32:07,60.208.29.184,1.1.1.1,syn_flood,54
2024-10-12 16:31:50,208.227.9.205,1.1.1.1,syn_flood,54
2024-10-12 16:32:02,199.209.237.20,1.1.1.1,syn_flood,54
2024-10-12 16:32:09,164.201.63.168,1.1.1.1,syn_flood,54
2024-10-12 16:31:50,179.147.52.141,1.1.1.1,syn_flood,54
2024-10-12 16:31:46,45.9.132.112,1.1.1.1,syn_flood,54
2024-10-12 16:31:40,17.216.72.116,1.1.1.1,syn_flood,54
2024-10-12 16:46:36,10.0.2.15,149.154.167.223,syn_flood,74
2024-10-12 16:32:02,97.197.177.135,1.1.1.1,syn_flood,54
2024-10-12 16:31:58,166.16.88.11,1.1.1.1,syn_flood,54
2024-10-12 16:32:07,115.235.61.222,1.1.1.1,syn_flood,54
2024-10-12 16:31:43,135.219.141.51,1.1.1.1,syn_flood,54
2024-10-12 16:32:00,14.121.48.255,1.1.1.1,syn_flood,54
2024-10-12 16:31:50,162.221.46.216,1.1.1.1,syn_flood,54
2024-10-12 16:31:42,38.247.115.85,1.1.1.1,syn_flood,54
2024-10-12 16:31:55,34.221.216.209,1.1.1.1,syn_flood,54
2024-10-12 16:32:09,253.236.202.48,1.1.1.1,syn_flood,54
2024-10-12 16:32:03,217.196.183.219,1.1.1.1,syn_flood,54
2024-10-12 16:31:44,130.169.12.46,1.1.1.1,syn_flood,54
2024-10-12 16:31:49,216.36.121.174,1.1.1.1,syn_flood,54
2024-10-12 16:31:48,16.24.162.234,1.1.1.1,syn_flood,54
2024-10-12 16:31:52,177.54.69.89,1.1.1.1,syn_flood,54
2024-10-12 16:31:52,245.75.26.175,1.1.1.1,syn_flood,54
2024-10-12 16:31:48,180.85.222.94,1.1.1.1,syn_flood,54
2024-10-12 16:31:46,70.164.96.194,1.1.1.1,syn_flood,54
2024-10-12 16:31:39,59.235.7.166,1.1.1.1,syn_flood,54
2024-10-12 16:31:52,197.149.169.196,1.1.1.1,syn_flood,54
2024-10-12 16:31:57,172.238.235.117,1.1.1.1,syn_flood,54
2024-10-12 16:31:41,185.74.193.55,1.1.1.1,syn_flood,54
2024-10-12 16:31:59,126.175.50.130,1.1.1.1,syn_flood,54
2024-10-12 16:31:56,205.11.210.185,1.1.1.1,syn_flood,54
2024-10-12 16:32:06,185.180.87.45,1.1.1.1,syn_flood,54
2024-10-12 16:31:53,6.4.118.148,1.1.1.1,syn_flood,54
2024-10-12 16:31:47,86.137.141.187,1.1.1.1,syn_flood,54
2024-10-12 16:31:47,111.218.142.108,1.1.1.1,syn_flood,54
2024-10-12 16:31:48,34.199.118.103,1.1.1.1,syn_flood,54
2024-10-12 16:31:40,33.171.27.160,1.1.1.1,syn_flood,54
2024-10-12 16:32:06,127.253.97.208,1.1.1.1,syn_flood,54
2024-10-12 16:32:01,102.215.130.64,1.1.1.1,syn_flood,54
2024-10-12 16:31:44,97.157.221.173,1.1.1.1,syn_flood,54
2024-10-12 16:32:04,180.140.140.4,1.1.1.1,syn_flood,54
2024-10-12 16:31:56,29.88.27.35,1.1.1.1,syn_flood,54
2024-10-12 16:31:57,217.242.123.197,1.1.1.1,syn_flood,54
2024-10-12 16:31:47,42.219.202.121,1.1.1.1,syn_flood,54
2024-10-12 16:31:41,198.111.195.94,1.1.1.1,syn_flood,54
2024-10-12 16:31:47,185.234.0.69,1.1.1.1,syn_flood,54
2024-10-12 16:32:00,178.9.106.222,1.1.1.1,syn_flood,54
2024-10-12 16:31:49,249.13.129.145,1.1.1.1,syn_flood,54
2024-10-12 16:31:53,230.246.143.213,1.1.1.1,syn_flood,54
2024-10-12 16:31:44,175.75.111.65,1.1.1.1,syn_flood,54
2024-10-12 16:31:45,31.174.158.21,1.1.1.1,syn_flood,54
2024-10-12 16:31:52,232.180.78.239,1.1.1.1,syn_flood,54
2024-10-12 16:31:50,46.190.159.153,1.1.1.1,syn_flood,54
2024-10-12 16:31:52,203.170.111.118,1.1.1.1,syn_flood,54
2024-10-12 16:31:42,103.130.41.25,1.1.1.1,syn_flood,54
2024-10-12 16:31:59,85.18.87.151,1.1.1.1,syn_flood,54
2024-10-12 16:31:53,159.75.166.2,1.1.1.1,syn_flood,54
2024-10-12 16:31:59,203.180.52.127,1.1.1.1,syn_flood,54
2024-10-12 16:31:50,113.101.103.198,1.1.1.1,syn_flood,54
2024-10-12 16:31:53,73.58.104.153,1.1.1.1,syn_flood,54
2024-10-12 16:32:39,10.0.2.15,91.189.91.97,syn_flood,74
2024-10-12 16:31:54,124.238.123.228,1.1.1.1,syn_flood,54
2024-10-12 16:31:51,15.107.211.75,1.1.1.1,syn_flood,54
2024-10-12 16:31:39,84.32.36.143,1.1.1.1,syn_flood,54
2024-10-12 16:32:09,215.197.20.99,1.1.1.1,syn_flood,54
2024-10-12 16:31:59,200.229.122.161,1.1.1.1,syn_flood,54
2024-10-12 16:32:02,70.147.41.221,1.1.1.1,syn_flood,54
2024-10-12 16:31:58,90.199.122.20,1.1.1.1,syn_flood,54
2024-10-12 16:32:00,188.193.34.22,1.1.1.1,syn_flood,54
2024-10-12 16:31:56,191.118.193.33,1.1.1.1,syn_flood,54
2024-10-12 16:31:52,82.164.1.0,1.1.1.1,syn_flood,54
2024-10-12 16:31:45,139.184.133.130,1.1.1.1,syn_flood,54
2024-10-12 16:46:36,10.0.2.15,149.154.167.223,syn_flood,74
2024-10-12 16:31:47,63.25.14.244,1.1.1.1,syn_flood,54
2024-10-12 16:31:51,24.18.229.223,1.1.1.1,syn_flood,54
2024-10-12 16:32:02,201.121.5.5,1.1.1.1,syn_flood,54
2024-10-12 16:31:45,107.195.236.157,1.1.1.1,syn_flood,54
2024-10-12 16:31:40,254.169.63.156,1.1.1.1,syn_flood,54
2024-10-12 16:31:59,168.150.23.109,1.1.1.1,syn_flood,54
2024-10-12 16:31:57,237.234.178.14,1.1.1.1,syn_flood,54
2024-10-12 16:32:04,201.127.33.252,1.1.1.1,syn_flood,54
2024-10-12 16:31:44,132.52.225.99,1.1.1.1,syn_flood,54
2024-10-12 16:31:40,222.250.59.72,1.1.1.1,syn_flood,54
2024-10-12 16:32:00,181.241.167.181,1.1.1.1,syn_flood,54
2024-10-12 16:31:47,178.7.70.88,1.1.1.1,syn_flood,54
2024-10-12 16:32:06,231.181.29.16,1.1.1.1,syn_flood,54
2024-10-12 16:31:40,115.246.96.210,1.1.1.1,syn_flood,54
2024-10-12 16:32:04,49.49.69.174,1.1.1.1,syn_flood,54
2024-10-12 16:32:08,46.208.201.55,1.1.1.1,syn_flood,54
2024-10-12 16:32:07,64.136.195.136,1.1.1.1,syn_flood,54
2024-10-12 16:31:43,102.17.75.12,1.1.1.1,syn_flood,54
2024-10-12 16:31:48,116.202.43.226,1.1.1.1,syn_flood,54
2024-10-12 16:31:55,53.81.11.118,1.1.1.1,syn_flood,54
2024-10-12 16:31:49,45.92.71.154,1.1.1.1,syn_flood,54
2024-10-12 16:31:43,2.35.9.145,1.1.1.1,syn_flood,54
2024-10-12 16:31:44,101.137.203.233,1.1.1.1,syn_flood,54
2024-10-12 16:31:51,157.124.191.31,1.1.1.1,syn_flood,54
2024-10-12 16:32:04,220.140.158.162,1.1.1.1,syn_flood,54
2024-10-12 16:46:26,10.0.2.15,149.154.167.99,syn_flood,74
2024-10-12 16:31:48,54.46.231.180,1.1.1.1,syn_flood,54
2024-10-12 16:31:53,189.192.127.168,1.1.1.1,syn_flood,54
2024-10-12 16:31:54,159.202.78.98,1.1.1.1,syn_flood,54
2024-10-12 16:31:55,100.50.190.39,1.1.1.1,syn_flood,54
2024-10-12 16:32:08,137.254.154.105,1.1.1.1,syn_flood,54
2024-10-12 16:32:02,103.219.40.246,1.1.1.1,syn_flood,54
2024-10-12 16:31:49,8.115.73.73,1.1.1.1,syn_flood,54
2024-10-12 16:31:45,222.167.114.175,1.1.1.1,syn_flood,54
2024-10-12 16:32:00,145.203.137.70,1.1.1.1,syn_flood,54
2024-10-12 16:31:55,129.69.214.199,1.1.1.1,syn_flood,54
2024-10-12 16:31:58,117.184.188.227,1.1.1.1,syn_flood,54
2024-10-12 16:31:38,34.118.12.173,1.1.1.1,syn_flood,54
2024-10-12 16:31:50,159.34.138.76,1.1.1.1,syn_flood,54
2024-10-12 16:31:39,185.92.137.110,1.1.1.1,syn_flood,54
2024-10-12 16:32:10,141.212.198.184,1.1.1.1,syn_flood,54
2024-10-12 16:32:06,9.122.108.91,1.1.1.1,syn_flood,54
2024-10-12 16:31:49,67.245.154.55,1.1.1.1,syn_flood,54
2024-10-12 16:32:06,230.85.206.114,1.1.1.1,syn_flood,54
2024-10-12 16:31:42,92.5.48.56,1.1.1.1,syn_flood,54
2024-10-12 16:31:39,38.250.26.213,1.1.1.1,syn_flood,54
2024-10-12 16:32:07,188.130.162.235,1.1.1.1,syn_flood,54
2024-10-12 16:31:52,144.209.147.96,1.1.1.1,syn_flood,54
2024-10-12 16:31:46,91.170.230.178,1.1.1.1,syn_flood,54
2024-10-12 16:31:54,82.12.73.7,1.1.1.1,syn_flood,54
2024-10-12 16:32:00,15.247.240.39,1.1.1.1,syn_flood,54
2024-10-12 16:32:04,208.7.55.218,1.1.1.1,syn_flood,54
2024-10-12 16:31:39,204.90.168.16,1.1.1.1,syn_flood,54
2024-10-12 16:32:07,128.64.4.104,1.1.1.1,syn_flood,54
2024-10-12 16:31:53,19.9.191.26,1.1.1.1,syn_flood,54
2024-10-12 16:31:49,89.35.109.137,1.1.1.1,syn_flood,54
2024-10-12 16:31:50,185.146.10.118,1.1.1.1,syn_flood,54
2024-10-12 16:32:09,55.221.38.175,1.1.1.1,syn_flood,54
2024-10-12 16:32:02,53.144.128.250,1.1.1.1,syn_flood,54
2024-10-12 16:31:46,160.226.231.188,1.1.1.1,syn_flood,54
2024-10-12 16:32:01,226.82.25.210,1.1.1.1,syn_flood,54
2024-10-12 16:46:33,10.0.2.15,149.154.167.92,syn_flood,74
2024-10-12 16:32:09,100.163.245.216,1.1.1.1,syn_flood,54
2024-10-12 16:31:53,100.64.5.29,1.1.1.1,syn_flood,54
2024-10-12 16:31:56,87.85.196.24,1.1.1.1,syn_flood,54
2024-10-12 16:32:06,175.22.207.30,1.1.1.1,syn_flood,54
2024-10-12 16:31:54,40.115.109.68,1.1.1.1,syn_flood,54
2024-10-12 16:31:57,148.125.171.12,1.1.1.1,syn_flood,54
2024-10-12 16:32:03,66.153.41.105,1.1.1.1,syn_flood,54
2024-10-12 16:31:49,249.105.41.33,1.1.1.1,syn_flood,54
2024-10-12 16:31:59,218.153.23.221,1.1.1.1,syn_flood,54
2024-10-12 16:31:50,30.186.48.135,1.1.1.1,syn_flood,54
2024-10-12 16:31:55,104.140.43.141,1.1.1.1,syn_flood,54
2024-10-12 16:31:47,36.207.214.177,1.1.1.1,syn_flood,54
2024-10-12 16:31:42,40.249.14.94,1.1.1.1,syn_flood,54
2024-10-12 16:32:10,172.214.84.198,1.1.1.1,syn_flood,54
2024-10-12 16:31:45,114.65.67.221,1.1.1.1,syn_flood,54
2024-10-12 16:31:46,137.16.61.40,1.1.1.1,syn_flood,54
2024-10-12 16:31:52,112.114.30.242,1.1.1.1,syn_flood,54
2024-10-12 16:31:39,40.130.136.104,1.1.1.1,syn_flood,54
2024-10-12 16:46:32,10.0.2.15,149.154.167.223,syn_flood,74
2024-10-12 16:31:59,150.78.134.109,1.1.1.1,syn_flood,54
2024-10-12 16:31:43,199.109.253.66,1.1.1.1,syn_flood,54
2024-10-12 16:31:47,154.37.62.72,1.1.1.1,syn_flood,54
2024-10-12 16:31:39,102.115.192.63,1.1.1.1,syn_flood,54
2024-10-12 16:31:53,137.250.156.10,1.1.1.1,syn_flood,54
2024-10-12 16:31:50,235.53.53.31,1.1.1.1,syn_flood,54
2024-10-12 16:31:53,197.222.138.214,1.1.1.1,syn_flood,54
2024-10-12 16:31:40,150.213.219.181,1.1.1.1,syn_flood,54
2024-10-12 16:32:01,254.170.22.235,1.1.1.1,syn_flood,54
2024-10-12 16:32:10,141.39.230.240,1.1.1.1,syn_flood,54
2024-10-12 16:32:00,105.44.137.196,1.1.1.1,syn_flood,54
2024-10-12 16:31:55,102.9.91.181,1.1.1.1,syn_flood,54
2024-10-12 16:31:56,60.32.133.141,1.1.1.1,syn_flood,54
2024-10-12 16:31:39,143.164.133.110,1.1.1.1,syn_flood,54
2024-10-12 16:32:09,154.37.249.82,1.1.1.1,syn_flood,54
2024-10-12 16:31:54,177.182.243.153,1.1.1.1,syn_flood,54
2024-10-12 16:32:06,7.223.86.56,1.1.1.1,syn_flood,54
2024-10-12 16:38:51,10.0.2.15,149.154.167.41,syn_flood,74
2024-10-12 16:32:00,120.255.163.39,1.1.1.1,syn_flood,54
2024-10-12 16:32:03,123.170.179.53,1.1.1.1,syn_flood,54
2024-10-12 16:31:59,144.112.226.233,1.1.1.1,syn_flood,54
2024-10-12 16:31:51,115.69.173.174,1.1.1.1,syn_flood,54
2024-10-12 16:32:03,105.200.53.193,1.1.1.1,syn_flood,54
2024-10-12 16:32:00,114.178.225.249,1.1.1.1,syn_flood,54
2024-10-12 16:32:06,62.244.147.27,1.1.1.1,syn_flood,54
2024-10-12 16:31:52,186.19.247.102,1.1.1.1,syn_flood,54
2024-10-12 16:31:43,125.91.230.142,1.1.1.1,syn_flood,54
2024-10-12 16:38:51,10.0.2.15,149.154.167.99,syn_flood,74
2024-10-12 16:32:03,235.104.237.153,1.1.1.1,syn_flood,54
2024-10-12 16:31:40,252.37.40.241,1.1.1.1,syn_flood,54
2024-10-12 16:31:56,30.196.95.88,1.1.1.1,syn_flood,54
2024-10-12 16:31:58,168.164.238.234,1.1.1.1,syn_flood,54
2024-10-12 16:31:54,71.173.25.17,1.1.1.1,syn_flood,54
2024-10-12 16:31:45,118.144.206.63,1.1.1.1,syn_flood,54
2024-10-12 16:32:07,155.182.191.172,1.1.1.1,syn_flood,54
2024-10-12 16:31:42,125.67.1.214,1.1.1.1,syn_flood,54
2024-10-12 16:31:39,233.118.241.135,1.1.1.1,syn_flood,54
2024-10-12 16:32:09,119.169.127.106,1.1.1.1,syn_flood,54
2024-10-12 16:31:41,188.170.218.248,1.1.1.1,syn_flood,54
2024-10-12 16:31:56,111.193.219.134,1.1.1.1,syn_flood,54
2024-10-12 16:32:06,25.27.28.28,1.1.1.1,syn_flood,54
2024-10-12 16:31:51,101.137.137.215,1.1.1.1,syn_flood,54
2024-10-12 16:31:46,166.127.49.133,1.1.1.1,syn_flood,54
2024-10-12 16:31:41,30.40.198.107,1.1.1.1,syn_flood,54
2024-10-12 16:31:42,62.88.85.54,1.1.1.1,syn_flood,54
2024-10-12 16:31:59,122.67.150.75,1.1.1.1,syn_flood,54
2024-10-12 16:32:08,97.116.174.140,1.1.1.1,syn_flood,54
2024-10-12 16:31:57,119.206.182.168,1.1.1.1,syn_flood,54
2024-10-12 16:31:42,235.134.64.129,1.1.1.1,syn_flood,54
2024-10-12 16:31:48,79.92.190.7,1.1.1.1,syn_flood,54
2024-10-12 16:31:55,157.6.202.26,1.1.1.1,syn_flood,54
2024-10-12 16:31:40,236.185.119.47,1.1.1.1,syn_flood,54
2024-10-12 16:38:51,10.0.2.15,149.154.167.99,syn_flood,74
2024-10-12 16:31:58,158.148.253.114,1.1.1.1,syn_flood,54
2024-10-12 16:31:47,85.195.143.160,1.1.1.1,syn_flood,54
2024-10-12 16:32:04,250.202.103.81,1.1.1.1,syn_flood,54
2024-10-12 16:31:58,230.171.205.43,1.1.1.1,syn_flood,54
2024-10-12 16:32:04,8.4.163.26,1.1.1.1,syn_flood,54
2024-10-12 16:32:01,23.99.61.191,1.1.1.1,syn_flood,54
2024-10-12 16:31:51,136.147.52.152,1.1.1.1,syn_flood,54
2024-10-12 16:32:08,78.178.82.142,1.1.1.1,syn_flood,54
2024-10-12 16:31:43,124.201.194.225,1.1.1.1,syn_flood,54
2024-10-12 16:32:07,190.46.156.177,1.1.1.1,syn_flood,54
2024-10-12 16:31:47,158.221.112.24,1.1.1.1,syn_flood,54
2024-10-12 16:46:33,10.0.2.15,149.154.167.41,syn_flood,74
2024-10-12 16:31:44,176.165.244.15,1.1.1.1,syn_flood,54
2024-10-12 16:32:06,19.47.53.187,1.1.1.1,syn_flood,54
2024-10-12 16:31:56,100.159.119.207,1.1.1.1,syn_flood,54
2024-10-12 16:32:01,252.225.193.4,1.1.1.1,syn_flood,54
2024-10-12 16:31:47,238.48.18.153,1.1.1.1,syn_flood,54
2024-10-12 16:46:32,10.0.2.15,149.154.167.223,syn_flood,74
2024-10-12 16:31:45,1.126.79.249,1.1.1.1,syn_flood,54
2024-10-12 16:31:53,131.192.0.243,1.1.1.1,syn_flood,54
2024-10-12 16:31:48,218.177.221.74,1.1.1.1,syn_flood,54
2024-10-12 16:32:01,198.212.84.229,1.1.1.1,syn_flood,54
2024-10-12 16:32:08,65.169.94.111,1.1.1.1,syn_flood,54
2024-10-12 16:31:58,226.25.95.153,1.1.1.1,syn_flood,54
2024-10-12 16:31:54,90.193.76.164,1.1.1.1,syn_flood,54
2024-10-12 16:31:45,133.186.213.84,1.1.1.1,syn_flood,54
2024-10-12 16:32:01,159.200.151.244,1.1.1.1,syn_flood,54
2024-10-12 16:31:51,228.203.86.160,1.1.1.1,syn_flood,54
2024-10-12 16:32:06,4.126.36.236,1.1.1.1,syn_flood,54
2024-10-12 16:46:29,10.0.2.15,149.154.175.55,syn_flood,74
2024-10-12 16:31:45,54.137.85.40,1.1.1.1,syn_flood,54
2024-10-12 16:32:04,162.95.38.185,1.1.1.1,syn_flood,54
2024-10-12 16:31:56,197.225.89.53,1.1.1.1,syn_flood,54
2024-10-12 16:32:08,228.17.163.65,1.1.1.1,syn_flood,54
2024-10-12 16:31:59,91.168.43.205,1.1.1.1,syn_flood,54
2024-10-12 16:31:52,94.73.167.250,1.1.1.1,syn_flood,54
2024-10-12 16:31:44,239.114.62.54,1.1.1.1,syn_flood,54
2024-10-12 16:31:51,94.45.231.190,1.1.1.1,syn_flood,54
2024-10-12 16:32:10,29.135.149.248,1.1.1.1,syn_flood,54
2024-10-12 16:32:05,10.150.137.37,1.1.1.1,syn_flood,54
2024-10-12 16:32:07,186.133.35.59,1.1.1.1,syn_flood,54
2024-10-12 16:31:40,126.129.30.234,1.1.1.1,syn_flood,54
2024-10-12 16:32:02,40.42.232.132,1.1.1.1,syn_flood,54
2024-10-12 16:31:49,174.42.16.130,1.1.1.1,syn_flood,54
2024-10-12 16:31:49,29.5.178.42,1.1.1.1,syn_flood,54
2024-10-12 16:31:39,44.243.165.142,1.1.1.1,syn_flood,54
2024-10-12 16:31:41,161.94.86.113,1.1.1.1,syn_flood,54
2024-10-12 16:32:10,187.54.81.18,1.1.1.1,syn_flood,54
2024-10-12 16:31:59,14.82.173.115,1.1.1.1,syn_flood,54
2024-10-12 16:32:06,47.151.122.141,1.1.1.1,syn_flood,54
2024-10-12 16:31:49,162.141.41.219,1.1.1.1,syn_flood,54
2024-10-12 16:31:48,207.137.80.9,1.1.1.1,syn_flood,54
2024-10-12 16:31:54,120.84.252.80,1.1.1.1,syn_flood,54
2024-10-12 16:32:08,154.63.117.70,1.1.1.1,syn_flood,54
2024-10-12 16:32:03,218.233.189.6,1.1.1.1,syn_flood,54
2024-10-12 16:31:41,202.196.31.151,1.1.1.1,syn_flood,54
2024-10-12 16:31:54,190.85.48.132,1.1.1.1,syn_flood,54
2024-10-12 16:32:10,242.79.145.249,1.1.1.1,syn_flood,54
2024-10-12 16:31:59,8.244.89.215,1.1.1.1,syn_flood,54
2024-10-12 16:32:03,196.25.185.39,1.1.1.1,syn_flood,54
2024-10-12 16:32:01,149.82.2.79,1.1.1.1,syn_flood,54
2024-10-12 16:31:43,120.118.17.91,1.1.1.1,syn_flood,54
2024-10-12 16:32:07,123.15.57.40,1.1.1.1,syn_flood,54
2024-10-12 16:31:45,67.89.103.161,1.1.1.1,syn_flood,54
2024-10-12 16:31:46,234.143.22.248,1.1.1.1,syn_flood,54
2024-10-12 16:31:41,90.5.184.223,1.1.1.1,syn_flood,54
2024-10-12 16:32:01,106.111.225.96,1.1.1.1,syn_flood,54
2024-10-12 16:31:52,180.254.213.151,1.1.1.1,syn_flood,54
2024-10-12 16:31:55,143.0.134.38,1.1.1.1,syn_flood,54
2024-10-12 16:31:55,153.24.65.87,1.1.1.1,syn_flood,54
2024-10-12 16:31:49,194.44.44.244,1.1.1.1,syn_flood,54
2024-10-12 16:31:52,43.221.219.38,1.1.1.1,syn_flood,54
2024-10-12 16:31:44,224.199.76.50,1.1.1.1,syn_flood,54
2024-10-12 16:31:58,6.224.193.231,1.1.1.1,syn_flood,54
2024-10-12 16:31:43,137.112.207.97,1.1.1.1,syn_flood,54
2024-10-12 16:32:04,93.222.1.113,1.1.1.1,syn_flood,54
2024-10-12 16:31:52,48.204.182.34,1.1.1.1,syn_flood,54
2024-10-12 16:38:55,10.0.2.15,149.154.167.99,syn_flood,74
2024-10-12 16:31:51,107.140.147.97,1.1.1.1,syn_flood,54
2024-10-12 16:31:50,30.93.156.85,1.1.1.1,syn_flood,54
2024-10-12 16:32:01,240.114.193.82,1.1.1.1,syn_flood,54
2024-10-12 16:32:04,53.170.87.205,1.1.1.1,syn_flood,54
2024-10-12 16:32:06,212.43.63.152,1.1.1.1,syn_flood,54
2024-10-12 16:31:43,131.12.145.165,1.1.1.1,syn_flood,54
2024-10-12 16:31:56,44.30.141.195,1.1.1.1,syn_flood,54
2024-10-12 16:31:53,165.49.227.199,1.1.1.1,syn_flood,54
2024-10-12 16:32:03,73.73.185.226,1.1.1.1,syn_flood,54
2024-10-12 16:31:50,149.85.37.129,1.1.1.1,syn_flood,54
2024-10-12 16:32:09,150.204.154.100,1.1.1.1,syn_flood,54
2024-10-12 16:31:51,141.34.60.205,1.1.1.1,syn_flood,54
2024-10-12 16:46:38,10.0.2.15,149.154.175.55,syn_flood,74
2024-10-12 16:32:02,52.1.199.60,1.1.1.1,syn_flood,54
2024-10-12 16:46:29,10.0.2.15,149.154.167.223,syn_flood,74
2024-10-12 16:31:41,199.110.99.11,1.1.1.1,syn_flood,54
2024-10-12 16:31:49,172.52.89.237,1.1.1.1,syn_flood,54
2024-10-12 16:32:06,153.196.54.127,1.1.1.1,syn_flood,54
2024-10-12 16:31:44,123.127.220.249,1.1.1.1,syn_flood,54
2024-10-12 16:31:42,247.199.193.116,1.1.1.1,syn_flood,54
2024-10-12 16:31:57,220.238.140.234,1.1.1.1,syn_flood,54
2024-10-12 16:32:00,102.12.77.225,1.1.1.1,syn_flood,54
2024-10-12 16:31:56,122.137.42.243,1.1.1.1,syn_flood,54
2024-10-12 16:31:41,250.124.83.82,1.1.1.1,syn_flood,54
2024-10-12 16:31:41,118.238.182.210,1.1.1.1,syn_flood,54
2024-10-12 16:31:44,205.111.245.239,1.1.1.1,syn_flood,54
2024-10-12 16:32:03,165.174.96.228,1.1.1.1,syn_flood,54
2024-10-12 16:31:58,229.183.67.60,1.1.1.1,syn_flood,54
2024-10-12 16:31:41,15.61.248.143,1.1.1.1,syn_flood,54
2024-10-12 16:31:41,122.53.15.144,1.1.1.1,syn_flood,54
2024-10-12 16:31:55,219.225.243.13,1.1.1.1,syn_flood,54
2024-10-12 16:31:40,112.53.134.146,1.1.1.1,syn_flood,54
2024-10-12 16:32:00,242.50.18.97,1.1.1.1,syn_flood,54
2024-10-12 16:32:07,129.76.3.15,1.1.1.1,syn_flood,54
2024-10-12 16:31:53,130.7.185.254,1.1.1.1,syn_flood,54
2024-10-12 16:31:41,6.53.226.17,1.1.1.1,syn_flood,54
2024-10-12 16:31:42,234.72.18.137,1.1.1.1,syn_flood,54
2024-10-12 16:32:03,80.59.139.251,1.1.1.1,syn_flood,54
2024-10-12 16:38:59,10.0.2.15,149.154.175.100,syn_flood,74
2024-10-12 16:31:49,227.215.74.174,1.1.1.1,syn_flood,54
2024-10-12 16:31:52,252.218.251.172,1.1.1.1,syn_flood,54
2024-10-12 16:32:05,142.70.203.241,1.1.1.1,syn_flood,54
2024-10-12 16:32:04,43.255.95.209,1.1.1.1,syn_flood,54
2024-10-12 16:32:08,74.93.79.70,1.1.1.1,syn_flood,54
2024-10-12 16:31:47,40.249.219.54,1.1.1.1,syn_flood,54
2024-10-12 16:31:59,202.202.194.102,1.1.1.1,syn_flood,54
2024-10-12 16:32:01,147.42.240.153,1.1.1.1,syn_flood,54
2024-10-12 16:31:44,86.194.241.75,1.1.1.1,syn_flood,54
2024-10-12 16:31:44,174.240.2.0,1.1.1.1,syn_flood,54
2024-10-12 16:31:49,220.125.176.148,1.1.1.1,syn_flood,54
2024-10-12 16:32:09,87.94.27.185,1.1.1.1,syn_flood,54
2024-10-12 16:31:50,9.125.0.249,1.1.1.1,syn_flood,54
2024-10-12 16:31:59,176.58.254.81,1.1.1.1,syn_flood,54
2024-10-12 16:31:44,10.0.2.15,13.224.103.18,syn_flood,74
2024-10-12 16:31:58,220.87.39.36,1.1.1.1,syn_flood,54
2024-10-12 16:31:48,88.254.33.205,1.1.1.1,syn_flood,54
2024-10-12 16:31:47,204.171.146.46,1.1.1.1,syn_flood,54
2024-10-12 16:31:48,247.88.185.74,1.1.1.1,syn_flood,54
2024-10-12 16:31:51,112.248.105.12,1.1.1.1,syn_flood,54
2024-10-12 16:32:04,24.199.14.66,1.1.1.1,syn_flood,54
2024-10-12 16:32:10,132.27.152.109,1.1.1.1,syn_flood,54
2024-10-12 16:32:05,214.93.184.249,1.1.1.1,syn_flood,54
2024-10-12 16:32:04,77.109.95.202,1.1.1.1,syn_flood,54
2024-10-12 16:42:39,10.0.2.15,185.125.190.97,syn_flood,74
2024-10-12 16:31:41,238.129.14.105,1.1.1.1,syn_flood,54
2024-10-12 16:31:46,107.123.149.140,1.1.1.1,syn_flood,54
2024-10-12 16:31:46,116.55.36.114,1.1.1.1,syn_flood,54
2024-10-12 16:32:09,165.108.22.196,1.1.1.1,syn_flood,54
2024-10-12 16:31:44,147.193.109.98,1.1.1.1,syn_flood,54
2024-10-12 16:46:33,10.0.2.15,149.154.167.99,syn_flood,74
2024-10-12 16:31:45,28.248.151.147,1.1.1.1,syn_flood,54
2024-10-12 16:31:52,139.108.94.212,1.1.1.1,syn_flood,54
2024-10-12 16:32:09,19.4.155.227,1.1.1.1,syn_flood,54
2024-10-12 16:31:55,252.51.186.164,1.1.1.1,syn_flood,54
2024-10-12 16:31:59,101.96.216.7,1.1.1.1,syn_flood,54
2024-10-12 16:32:03,204.235.112.159,1.1.1.1,syn_flood,54
2024-10-12 16:32:02,72.224.185.171,1.1.1.1,syn_flood,54
2024-10-12 16:31:48,252.234.144.8,1.1.1.1,syn_flood,54
2024-10-12 16:31:41,23.30.183.4,1.1.1.1,syn_flood,54
2024-10-12 16:32:05,232.195.248.30,1.1.1.1,syn_flood,54
2024-10-12 16:32:08,73.76.244.39,1.1.1.1,syn_flood,54
2024-10-12 16:37:39,10.0.2.15,91.189.91.97,syn_flood,74
2024-10-12 16:32:06,183.44.28.118,1.1.1.1,syn_flood,54
2024-10-12 16:39:00,10.0.2.15,8.8.4.4,syn_flood,74
2024-10-12 16:32:07,73.82.195.128,1.1.1.1,syn_flood,54
2024-10-12 16:32:09,109.10.172.86,1.1.1.1,syn_flood,54
2024-10-12 16:32:02,146.64.110.207,1.1.1.1,syn_flood,54
2024-10-12 16:31:39,65.235.195.27,1.1.1.1,syn_flood,54
2024-10-12 16:32:07,171.150.202.98,1.1.1.1,syn_flood,54
2024-10-12 16:31:46,3.75.63.48,1.1.1.1,syn_flood,54
2024-10-12 16:31:51,18.41.62.246,1.1.1.1,syn_flood,54
